task,mouse,subject,session,training_day,trial_index,cue_on_time,cue_duration,n_oncue_pokes,n_offcue_pokes,n_offcue_licks,first_oncue_poke_time,first_offcue_poke_time,first_lick_after_oncue_poke_time,reward_time,action_sequence_category,engaged,licked_after_poke,rewarded,cue_to_first_oncue_poke_latency,poke_to_first_lick_latency,lick_to_reward_latency,previous_trial_category,previous_trial_rewarded,previous_trial_engaged
AppetitveTaskReal,m97,m97_AppetitiveTone_150,1,1,1,1762759423.889,8.0,0,0,0,NaN,NaN,NaN,NaN,no_response,False,False,False,NaN,NaN,NaN,,,
AppetitveTaskReal,m97,m97_AppetitiveTone_150,1,1,2,1762759457.033,8.0,0,0,0,NaN,NaN,NaN,NaN,no_response,False,False,False,NaN,NaN,NaN,no_response,False,False
AppetitveTaskReal,m97,m97_AppetitiveTone_150,1,1,3,1762759490.221,8.0,0,0,0,NaN,NaN,NaN,NaN,no_response,False,False,False,NaN,NaN,NaN,no_response,False,False
AppetitveTaskReal,m97,m97_AppetitiveTone_150,1,1,4,1762759531.394,8.0,0,0,0,NaN,NaN,NaN,NaN,no_response,False,False,False,NaN,NaN,NaN,no_response,False,False
AppetitveTaskReal,m97,m97_AppetitiveTone_150,1,1,5,1762759571.553,8.0,0,0,0,NaN,NaN,NaN,NaN,no_response,False,False,False,NaN,NaN,NaN,no_response,False,False
AppetitveTaskReal,m97,m97_AppetitiveTone_150,1,1,6,1762759604.715,8.0,1,5,30,7.716,19.141,20.033,NaN,cue_poke_no_lick,True,False,False,7.716,12.317,NaN,no_response,False,False
AppetitveTaskReal,m97,m97_AppetitiveTone_150,1,1,7,1762759664.294,8.0,0,1,0,NaN,13.289,NaN,NaN,offcue_poke_only,False,False,False,NaN,NaN,NaN,cue_poke_no_lick,False,True
AppetitveTaskReal,m97,m97_AppetitiveTone_150,1,1,8,1762759706.702,8.0,0,0,0,NaN,NaN,NaN,NaN,no_response,False,False,False,NaN,NaN,NaN,offcue_poke_only,False,False
AppetitveTaskReal,m97,m97_AppetitiveTone_150,1,1,9,1762759739.859,8.0,0,0,0,NaN,NaN,NaN,NaN,no_response,False,False,False,NaN,NaN,NaN,no_response,False,False
AppetitveTaskReal,m97,m97_AppetitiveTone_150,1,1,10,1762759778.037,8.172,2,3,47,7.634,12.81,8.135,8.18,complete_sequence_rewarded,True,True,True,7.634,0.501,0.044,no_response,False,False
AppetitveTaskReal,m97,m97_AppetitiveTone_150,1,1,11,1762759832.44,8.0,0,3,28,NaN,23.081,NaN,NaN,offcue_poke_only,False,False,False,NaN,NaN,NaN,complete_sequence_rewarded,True,True
AppetitveTaskReal,m97,m97_AppetitiveTone_150,1,1,12,1762759881.541,8.0,0,1,6,NaN,23.367,NaN,NaN,offcue_poke_only,False,False,False,NaN,NaN,NaN,offcue_poke_only,False,False
AppetitveTaskReal,m97,m97_AppetitiveTone_150,1,1,13,1762759917.709,8.0,0,0,0,NaN,NaN,NaN,NaN,no_response,False,False,False,NaN,NaN,NaN,offcue_poke_only,False,False
AppetitveTaskReal,m97,m97_AppetitiveTone_150,1,1,14,1762759954.88,8.0,0,1,8,NaN,29.014,NaN,NaN,offcue_poke_only,False,False,False,NaN,NaN,NaN,no_response,False,False
AppetitveTaskReal,m97,m97_AppetitiveTone_150,1,1,15,1762759997.764,8.0,0,0,0,NaN,NaN,NaN,NaN,no_response,False,False,False,NaN,NaN,NaN,offcue_poke_only,False,False
AppetitveTaskReal,m97,m97_AppetitiveTone_150,1,1,16,1762760033.942,8.0,0,1,4,NaN,16.883,NaN,NaN,offcue_poke_only,False,False,False,NaN,NaN,NaN,no_response,False,False
AppetitveTaskReal,m97,m97_AppetitiveTone_150,1,1,17,1762760067.95,8.0,0,1,6,NaN,16.221,NaN,NaN,offcue_poke_only,False,False,False,NaN,NaN,NaN,offcue_poke_only,False,False
AppetitveTaskReal,m97,m97_AppetitiveTone_150,1,1,18,1762760103.193,2.352,1,9,55,1.777,9.478,2.318,2.356,complete_sequence_rewarded,True,True,True,1.777,0.541,0.038,offcue_poke_only,False,False
AppetitveTaskReal,m97,m97_AppetitiveTone_150,1,1,19,1762760199.279,8.0,0,3,24,NaN,15.591,NaN,NaN,offcue_poke_only,False,False,False,NaN,NaN,NaN,complete_sequence_rewarded,True,True
AppetitveTaskReal,m97,m97_AppetitiveTone_150,1,1,20,1762760243.937,6.376,1,2,17,5.898,10.593,6.336,6.382,complete_sequence_rewarded,True,True,True,5.898,0.438,0.045,offcue_poke_only,False,False
AppetitveTaskReal,m97,m97_AppetitiveTone_150,1,1,21,1762760297.182,8.0,0,1,4,NaN,31.355,NaN,NaN,offcue_poke_only,False,False,False,NaN,NaN,NaN,complete_sequence_rewarded,True,True
AppetitveTaskReal,m97,m97_AppetitiveTone_150,1,1,22,1762760340.382,8.0,0,0,0,NaN,NaN,NaN,NaN,no_response,False,False,False,NaN,NaN,NaN,offcue_poke_only,False,False
AppetitveTaskReal,m97,m97_AppetitiveTone_150,1,1,23,1762760380.557,8.0,0,1,0,NaN,31.16,NaN,NaN,offcue_poke_only,False,False,False,NaN,NaN,NaN,no_response,False,False
AppetitveTaskReal,m97,m97_AppetitiveTone_150,1,1,24,1762760422.471,8.0,0,1,2,NaN,24.079,NaN,NaN,offcue_poke_only,False,False,False,NaN,NaN,NaN,offcue_poke_only,False,False
AppetitveTaskReal,m97,m97_AppetitiveTone_150,1,1,25,1762760466.419,6.253,1,0,15,5.524,NaN,6.214,6.261,complete_sequence_rewarded,True,True,True,5.524,0.69,0.047,offcue_poke_only,False,False
AppetitveTaskReal,m97,m97_AppetitiveTone_150,1,1,26,1762760510.103,8.0,0,1,14,NaN,18.593,NaN,NaN,offcue_poke_only,False,False,False,NaN,NaN,NaN,complete_sequence_rewarded,True,True
AppetitveTaskReal,m97,m97_AppetitiveTone_150,1,1,27,1762760549.669,8.0,0,1,8,NaN,32.564,NaN,NaN,offcue_poke_only,False,False,False,NaN,NaN,NaN,offcue_poke_only,False,False
AppetitveTaskReal,m97,m97_AppetitiveTone_150,1,1,28,1762760593.149,8.0,0,1,0,NaN,23.988,NaN,NaN,offcue_poke_only,False,False,False,NaN,NaN,NaN,offcue_poke_only,False,False
AppetitveTaskReal,m97,m97_AppetitiveTone_150,1,1,29,1762760635.446,8.0,0,0,0,NaN,NaN,NaN,NaN,no_response,False,False,False,NaN,NaN,NaN,offcue_poke_only,False,False
AppetitveTaskReal,m97,m97_AppetitiveTone_150,1,1,30,1762760670.567,8.0,0,0,0,NaN,NaN,NaN,NaN,no_response,False,False,False,NaN,NaN,NaN,no_response,False,False
AppetitveTaskReal,m97,m97_AppetitiveTone_150,1,1,31,1762760710.765,5.501,1,1,25,5.217,21.893,5.472,5.507,complete_sequence_rewarded,True,True,True,5.217,0.256,0.034,no_response,False,False
AppetitveTaskReal,m97,m97_AppetitiveTone_150,1,1,32,1762760753.767,8.0,0,1,14,NaN,27.617,NaN,NaN,offcue_poke_only,False,False,False,NaN,NaN,NaN,complete_sequence_rewarded,True,True
AppetitveTaskReal,m97,m97_AppetitiveTone_150,1,1,33,1762760794.196,8.0,0,5,0,NaN,15.233,NaN,NaN,offcue_poke_only,False,False,False,NaN,NaN,NaN,offcue_poke_only,False,False
AppetitveTaskReal,m97,m97_AppetitiveTone_150,1,1,34,1762760851.499,8.0,0,1,4,NaN,16.397,NaN,NaN,offcue_poke_only,False,False,False,NaN,NaN,NaN,offcue_poke_only,False,False
AppetitveTaskReal,m97,m97_AppetitiveTone_150,1,1,35,1762760889.722,8.0,0,2,4,NaN,15.524,NaN,NaN,offcue_poke_only,False,False,False,NaN,NaN,NaN,offcue_poke_only,False,False
AppetitveTaskReal,m97,m97_AppetitiveTone_150,1,1,36,1762760931.278,5.716,1,0,11,5.272,NaN,5.683,5.722,complete_sequence_rewarded,True,True,True,5.272,0.411,0.039,offcue_poke_only,False,False
AppetitveTaskReal,m97,m97_AppetitiveTone_150,1,1,37,1762760970.699,8.0,0,2,14,NaN,9.816,NaN,NaN,offcue_poke_only,False,False,False,NaN,NaN,NaN,complete_sequence_rewarded,True,True
AppetitveTaskReal,m97,m97_AppetitiveTone_150,1,1,38,1762761014.746,7.571,1,1,23,7.275,41.053,7.537,7.578,complete_sequence_rewarded,True,True,True,7.275,0.262,0.04,offcue_poke_only,False,False
AppetitveTaskReal,m97,m97_AppetitiveTone_150,1,1,39,1762761066.711,8.0,0,1,4,NaN,15.299,NaN,NaN,offcue_poke_only,False,False,False,NaN,NaN,NaN,complete_sequence_rewarded,True,True
AppetitveTaskReal,m97,m97_AppetitiveTone_150,1,1,40,1762761104.894,2.805,1,2,27,2.516,15.774,2.775,2.811,complete_sequence_rewarded,True,True,True,2.516,0.259,0.037,offcue_poke_only,False,False
AppetitveTaskReal,m97,m97_AppetitiveTone_150,1,1,41,1762761139.148,8.0,1,1,0,3.135,23.034,NaN,NaN,cue_poke_no_lick,True,False,False,3.135,NaN,NaN,complete_sequence_rewarded,True,True
AppetitveTaskReal,m97,m97_AppetitiveTone_150,1,1,42,1762761187.782,8.0,0,0,0,NaN,NaN,NaN,NaN,no_response,False,False,False,NaN,NaN,NaN,cue_poke_no_lick,False,True
AppetitveTaskReal,m97,m97_AppetitiveTone_150,1,1,43,1762761220.972,2.318,1,0,5,1.832,NaN,2.274,2.324,complete_sequence_rewarded,True,True,True,1.832,0.443,0.05,no_response,False,False
AppetitveTaskReal,m97,m97_AppetitiveTone_150,1,1,44,1762761259.958,7.209,1,3,33,6.941,14.386,7.166,7.213,complete_sequence_rewarded,True,True,True,6.941,0.225,0.047,complete_sequence_rewarded,True,True
AppetitveTaskReal,m97,m97_AppetitiveTone_150,1,1,45,1762761308.431,8.0,0,1,0,NaN,11.207,NaN,NaN,offcue_poke_only,False,False,False,NaN,NaN,NaN,complete_sequence_rewarded,True,True
AppetitveTaskReal,m97,m97_AppetitiveTone_150,1,1,46,1762761352.461,8.0,0,4,6,NaN,17.152,NaN,NaN,offcue_poke_only,False,False,False,NaN,NaN,NaN,offcue_poke_only,False,False
AppetitveTaskReal,m97,m97_AppetitiveTone_150,1,1,47,1762761401.257,4.117,1,4,15,3.682,-0.021,4.085,4.121,complete_sequence_rewarded,True,True,True,3.682,0.402,0.037,offcue_poke_only,False,False
AppetitveTaskReal,m97,m97_AppetitiveTone_150,1,1,48,1762761443.452,8.0,0,3,6,NaN,12.312,NaN,NaN,offcue_poke_only,False,False,False,NaN,NaN,NaN,complete_sequence_rewarded,True,True
AppetitveTaskReal,m97,m97_AppetitiveTone_150,1,1,49,1762761486.827,8.0,0,1,0,NaN,30.418,NaN,NaN,offcue_poke_only,False,False,False,NaN,NaN,NaN,offcue_poke_only,False,False
AppetitveTaskReal,m97,m97_AppetitiveTone_150,1,1,50,1762761530.447,0.372,1,2,7,0.114,18.401,0.337,NaN,cue_poke_lick_no_reward,True,True,False,0.114,0.224,NaN,offcue_poke_only,False,False
AppetitveTaskReal,m97,m97_AppetitiveTone_150,1,1,51,1762761573.495,8.0,0,1,6,NaN,17.717,NaN,NaN,offcue_poke_only,False,False,False,NaN,NaN,NaN,cue_poke_lick_no_reward,False,True
AppetitveTaskReal,m97,m97_AppetitiveTone_150,1,1,52,1762761616.212,2.131,1,0,15,1.849,NaN,2.087,2.139,complete_sequence_rewarded,True,True,True,1.849,0.238,0.052,offcue_poke_only,False,False
AppetitveTaskReal,m97,m97_AppetitiveTone_150,1,1,53,1762761654.232,8.0,0,0,0,NaN,NaN,NaN,NaN,no_response,False,False,False,NaN,NaN,NaN,complete_sequence_rewarded,True,True
AppetitveTaskReal,m97,m97_AppetitiveTone_150,1,1,54,1762761689.411,8.0,0,2,12,NaN,15.974,NaN,NaN,offcue_poke_only,False,False,False,NaN,NaN,NaN,no_response,False,False
AppetitveTaskReal,m97,m97_AppetitiveTone_150,1,1,55,1762761738.203,8.0,0,0,0,NaN,NaN,NaN,NaN,no_response,False,False,False,NaN,NaN,NaN,offcue_poke_only,False,False
AppetitveTaskReal,m97,m97_AppetitiveTone_150,1,1,56,1762761780.392,8.0,0,3,18,NaN,17.594,NaN,NaN,offcue_poke_only,False,False,False,NaN,NaN,NaN,no_response,False,False
AppetitveTaskReal,m97,m97_AppetitiveTone_150,1,1,57,1762761825.211,8.0,0,0,0,NaN,NaN,NaN,NaN,no_response,False,False,False,NaN,NaN,NaN,offcue_poke_only,False,False
AppetitveTaskReal,m97,m97_AppetitiveTone_150,1,1,58,1762761866.398,8.0,0,2,0,NaN,19.329,NaN,NaN,offcue_poke_only,False,False,False,NaN,NaN,NaN,no_response,False,False
AppetitveTaskReal,m97,m97_AppetitiveTone_150,1,1,59,1762761910.024,8.0,0,0,0,NaN,NaN,NaN,NaN,no_response,False,False,False,NaN,NaN,NaN,offcue_poke_only,False,False
AppetitveTaskReal,m97,m97_AppetitiveTone_150,1,1,60,1762761945.219,8.0,0,0,0,NaN,NaN,NaN,NaN,no_response,False,False,False,NaN,NaN,NaN,no_response,False,False
AppetitveTaskReal,m97,m97_AppetitiveTone_150,2,2,1,1762867744.517,8.0,0,2,14,NaN,16.951,NaN,NaN,offcue_poke_only,False,False,False,NaN,NaN,NaN,,,
AppetitveTaskReal,m97,m97_AppetitiveTone_150,2,2,2,1762867787.222,8.0,0,3,14,NaN,21.589,NaN,NaN,offcue_poke_only,False,False,False,NaN,NaN,NaN,offcue_poke_only,False,False
AppetitveTaskReal,m97,m97_AppetitiveTone_150,2,2,3,1762867832.313,8.0,0,1,0,NaN,19.212,NaN,NaN,offcue_poke_only,False,False,False,NaN,NaN,NaN,offcue_poke_only,False,False
AppetitveTaskReal,m97,m97_AppetitiveTone_150,2,2,4,1762867870.683,8.0,0,1,0,NaN,18.858,NaN,NaN,offcue_poke_only,False,False,False,NaN,NaN,NaN,offcue_poke_only,False,False
AppetitveTaskReal,m97,m97_AppetitiveTone_150,2,2,5,1762867904.96,8.0,1,1,4,6.194,35.465,35.905,NaN,cue_poke_no_lick,True,False,False,6.194,29.711,NaN,offcue_poke_only,False,False
AppetitveTaskReal,m97,m97_AppetitiveTone_150,2,2,6,1762867951.697,8.0,0,4,20,NaN,8.57,NaN,NaN,offcue_poke_only,False,False,False,NaN,NaN,NaN,cue_poke_no_lick,False,True
AppetitveTaskReal,m97,m97_AppetitiveTone_150,2,2,7,1762867997.214,8.0,0,1,6,NaN,20.283,NaN,NaN,offcue_poke_only,False,False,False,NaN,NaN,NaN,offcue_poke_only,False,False
AppetitveTaskReal,m97,m97_AppetitiveTone_150,2,2,8,1762868036.478,8.0,0,0,0,NaN,NaN,NaN,NaN,no_response,False,False,False,NaN,NaN,NaN,offcue_poke_only,False,False
AppetitveTaskReal,m97,m97_AppetitiveTone_150,2,2,9,1762868072.641,8.0,0,2,12,NaN,17.932,NaN,NaN,offcue_poke_only,False,False,False,NaN,NaN,NaN,no_response,False,False
AppetitveTaskReal,m97,m97_AppetitiveTone_150,2,2,10,1762868111.606,8.0,0,2,16,NaN,12.678,NaN,NaN,offcue_poke_only,False,False,False,NaN,NaN,NaN,offcue_poke_only,False,False
AppetitveTaskReal,m97,m97_AppetitiveTone_150,2,2,11,1762868155.936,5.259,1,4,22,3.432,13.004,4.173,4.196,complete_sequence_rewarded,True,True,True,3.432,0.74,0.024,offcue_poke_only,False,False
AppetitveTaskReal,m97,m97_AppetitiveTone_150,2,2,12,1762868200.594,8.0,0,2,16,NaN,13.393,NaN,NaN,offcue_poke_only,False,False,False,NaN,NaN,NaN,complete_sequence_rewarded,True,True
AppetitveTaskReal,m97,m97_AppetitiveTone_150,2,2,13,1762868238.37,8.0,3,1,10,0.373,35.212,8.427,NaN,cue_poke_no_lick,True,False,False,0.373,8.053,NaN,offcue_poke_only,False,False
AppetitveTaskReal,m97,m97_AppetitiveTone_150,2,2,14,1762868284.884,8.0,0,3,16,NaN,15.554,NaN,NaN,offcue_poke_only,False,False,False,NaN,NaN,NaN,cue_poke_no_lick,False,True
AppetitveTaskReal,m97,m97_AppetitiveTone_150,2,2,15,1762868333.867,8.0,0,1,6,NaN,17.045,NaN,NaN,offcue_poke_only,False,False,False,NaN,NaN,NaN,offcue_poke_only,False,False
AppetitveTaskReal,m97,m97_AppetitiveTone_150,2,2,16,1762868369.404,4.121,1,4,36,1.405,8.002,2.953,2.98,complete_sequence_rewarded,True,True,True,1.405,1.548,0.027,offcue_poke_only,False,False
AppetitveTaskReal,m97,m97_AppetitiveTone_150,2,2,17,1762868422.361,9.137,1,8,40,6.692,11.872,7.985,8.015,complete_sequence_rewarded,True,True,True,6.692,1.293,0.03,complete_sequence_rewarded,True,True
AppetitveTaskReal,m97,m97_AppetitiveTone_150,2,2,18,1762868469.368,8.0,0,4,22,NaN,16.477,NaN,NaN,offcue_poke_only,False,False,False,NaN,NaN,NaN,complete_sequence_rewarded,True,True
AppetitveTaskReal,m97,m97_AppetitiveTone_150,2,2,19,1762868525.993,2.551,1,3,30,0.849,5.412,1.365,1.385,complete_sequence_rewarded,True,True,True,0.849,0.517,0.02,offcue_poke_only,False,False
AppetitveTaskReal,m97,m97_AppetitiveTone_150,2,2,20,1762868564.626,8.0,0,5,26,NaN,15.259,NaN,NaN,offcue_poke_only,False,False,False,NaN,NaN,NaN,complete_sequence_rewarded,True,True
AppetitveTaskReal,m97,m97_AppetitiveTone_150,2,2,21,1762868624.158,2.341,1,2,12,0.706,6.864,1.193,1.216,complete_sequence_rewarded,True,True,True,0.706,0.487,0.023,offcue_poke_only,False,False
AppetitveTaskReal,m97,m97_AppetitiveTone_150,2,2,22,1762868661.232,2.459,1,3,26,1.168,17.271,1.304,1.324,complete_sequence_rewarded,True,True,True,1.168,0.137,0.02,complete_sequence_rewarded,True,True
AppetitveTaskReal,m97,m97_AppetitiveTone_150,2,2,23,1762868706.511,6.77,1,1,12,5.312,28.206,5.644,5.673,complete_sequence_rewarded,True,True,True,5.312,0.332,0.029,complete_sequence_rewarded,True,True
AppetitveTaskReal,m97,m97_AppetitiveTone_150,2,2,24,1762868745.689,8.0,0,3,34,NaN,20.884,NaN,NaN,offcue_poke_only,False,False,False,NaN,NaN,NaN,complete_sequence_rewarded,True,True
AppetitveTaskReal,m97,m97_AppetitiveTone_150,2,2,25,1762868794.985,4.053,1,4,30,2.703,8.335,2.92,2.952,complete_sequence_rewarded,True,True,True,2.703,0.217,0.032,offcue_poke_only,False,False
AppetitveTaskReal,m97,m97_AppetitiveTone_150,2,2,26,1762868836.984,2.867,1,1,8,1.482,4.957,1.698,1.72,complete_sequence_rewarded,True,True,True,1.482,0.217,0.022,complete_sequence_rewarded,True,True
AppetitveTaskReal,m97,m97_AppetitiveTone_150,2,2,27,1762868870.641,1.75,1,3,26,0.176,5.978,0.591,0.608,complete_sequence_rewarded,True,True,True,0.176,0.415,0.017,complete_sequence_rewarded,True,True
AppetitveTaskReal,m97,m97_AppetitiveTone_150,2,2,28,1762868935.435,8.0,0,2,12,NaN,19.354,NaN,NaN,offcue_poke_only,False,False,False,NaN,NaN,NaN,complete_sequence_rewarded,True,True
AppetitveTaskReal,m97,m97_AppetitiveTone_150,2,2,29,1762868980.556,8.0,0,3,16,NaN,18.924,NaN,NaN,offcue_poke_only,False,False,False,NaN,NaN,NaN,offcue_poke_only,False,False
AppetitveTaskReal,m97,m97_AppetitiveTone_150,2,2,30,1762869029.297,7.961,2,5,32,6.52,12.794,6.848,6.865,complete_sequence_rewarded,True,True,True,6.52,0.328,0.017,offcue_poke_only,False,False
AppetitveTaskReal,m97,m97_AppetitiveTone_150,2,2,31,1762869099.638,8.0,0,3,22,NaN,8.223,NaN,NaN,offcue_poke_only,False,False,False,NaN,NaN,NaN,complete_sequence_rewarded,True,True
AppetitveTaskReal,m97,m97_AppetitiveTone_150,2,2,32,1762869146.379,5.671,1,2,16,4.361,15.761,4.52,4.549,complete_sequence_rewarded,True,True,True,4.361,0.158,0.03,offcue_poke_only,False,False
AppetitveTaskReal,m97,m97_AppetitiveTone_150,2,2,33,1762869186.166,8.0,0,1,6,NaN,15.529,NaN,NaN,offcue_poke_only,False,False,False,NaN,NaN,NaN,complete_sequence_rewarded,True,True
AppetitveTaskReal,m97,m97_AppetitiveTone_150,2,2,34,1762869221.131,8.0,0,0,0,NaN,NaN,NaN,NaN,no_response,False,False,False,NaN,NaN,NaN,offcue_poke_only,False,False
AppetitveTaskReal,m97,m97_AppetitiveTone_150,2,2,35,1762869261.304,4.74,1,2,12,3.342,25.99,3.618,3.635,complete_sequence_rewarded,True,True,True,3.342,0.276,0.017,no_response,False,False
AppetitveTaskReal,m97,m97_AppetitiveTone_150,2,2,36,1762869303.669,3.312,1,3,20,2.017,8.105,2.226,2.247,complete_sequence_rewarded,True,True,True,2.017,0.208,0.021,complete_sequence_rewarded,True,True
AppetitveTaskReal,m97,m97_AppetitiveTone_150,2,2,37,1762869348.871,8.386,1,3,14,6.985,16.506,7.297,7.31,complete_sequence_rewarded,True,True,True,6.985,0.312,0.012,complete_sequence_rewarded,True,True
AppetitveTaskReal,m97,m97_AppetitiveTone_150,2,2,38,1762869389.716,8.0,0,2,12,NaN,10.45,NaN,NaN,offcue_poke_only,False,False,False,NaN,NaN,NaN,complete_sequence_rewarded,True,True
AppetitveTaskReal,m97,m97_AppetitiveTone_150,2,2,39,1762869435.764,8.0,0,4,30,NaN,16.885,NaN,NaN,offcue_poke_only,False,False,False,NaN,NaN,NaN,offcue_poke_only,False,False
AppetitveTaskReal,m97,m97_AppetitiveTone_150,2,2,40,1762869489.714,4.726,1,2,14,3.353,10.26,3.607,3.628,complete_sequence_rewarded,True,True,True,3.353,0.255,0.02,offcue_poke_only,False,False
AppetitveTaskReal,m97,m97_AppetitiveTone_150,2,2,41,1762869528.955,8.0,0,3,16,NaN,12.196,NaN,NaN,offcue_poke_only,False,False,False,NaN,NaN,NaN,complete_sequence_rewarded,True,True
AppetitveTaskReal,m97,m97_AppetitiveTone_150,2,2,42,1762869579.269,8.0,0,3,24,NaN,8.631,NaN,NaN,offcue_poke_only,False,False,False,NaN,NaN,NaN,offcue_poke_only,False,False
AppetitveTaskReal,m97,m97_AppetitiveTone_150,2,2,43,1762869619.534,2.123,1,6,32,0.728,21.821,0.955,0.977,complete_sequence_rewarded,True,True,True,0.728,0.227,0.022,offcue_poke_only,False,False
AppetitveTaskReal,m97,m97_AppetitiveTone_150,2,2,44,1762869684.547,4.278,1,4,30,2.965,11.392,3.172,3.189,complete_sequence_rewarded,True,True,True,2.965,0.207,0.017,complete_sequence_rewarded,True,True
AppetitveTaskReal,m97,m97_AppetitiveTone_150,2,2,45,1762869742.029,8.0,0,4,28,NaN,18.382,NaN,NaN,offcue_poke_only,False,False,False,NaN,NaN,NaN,complete_sequence_rewarded,True,True
AppetitveTaskReal,m97,m97_AppetitiveTone_150,2,2,46,1762869798.501,8.0,0,3,20,NaN,35.248,NaN,NaN,offcue_poke_only,False,False,False,NaN,NaN,NaN,offcue_poke_only,False,False
AppetitveTaskReal,m97,m97_AppetitiveTone_150,2,2,47,1762869857.388,5.383,1,0,2,3.952,NaN,4.245,4.268,complete_sequence_rewarded,True,True,True,3.952,0.293,0.023,offcue_poke_only,False,False
AppetitveTaskReal,m97,m97_AppetitiveTone_150,2,2,48,1762869892.507,8.0,0,1,6,NaN,32.234,NaN,NaN,offcue_poke_only,False,False,False,NaN,NaN,NaN,complete_sequence_rewarded,True,True
AppetitveTaskReal,m97,m97_AppetitiveTone_150,2,2,49,1762869935.529,8.0,0,0,0,NaN,NaN,NaN,NaN,no_response,False,False,False,NaN,NaN,NaN,offcue_poke_only,False,False
AppetitveTaskReal,m97,m97_AppetitiveTone_150,2,2,50,1762869970.693,8.0,0,0,0,NaN,NaN,NaN,NaN,no_response,False,False,False,NaN,NaN,NaN,no_response,False,False
AppetitveTaskReal,m97,m97_AppetitiveTone_150,2,2,51,1762870005.869,8.0,0,1,14,NaN,29.687,NaN,NaN,offcue_poke_only,False,False,False,NaN,NaN,NaN,no_response,False,False
AppetitveTaskReal,m97,m97_AppetitiveTone_150,2,2,52,1762870055.195,8.0,0,4,14,NaN,9.546,NaN,NaN,offcue_poke_only,False,False,False,NaN,NaN,NaN,offcue_poke_only,False,False
AppetitveTaskReal,m97,m97_AppetitiveTone_150,2,2,53,1762870100.055,8.0,0,5,30,NaN,21.364,NaN,NaN,offcue_poke_only,False,False,False,NaN,NaN,NaN,offcue_poke_only,False,False
AppetitveTaskReal,m97,m97_AppetitiveTone_150,2,2,54,1762870164.086,4.26,1,2,18,2.959,20.458,3.157,NaN,cue_poke_lick_no_reward,True,True,False,2.959,0.198,NaN,offcue_poke_only,False,False
AppetitveTaskReal,m97,m97_AppetitiveTone_150,2,2,55,1762870210.912,7.2,1,2,12,5.379,9.313,5.985,6.011,complete_sequence_rewarded,True,True,True,5.379,0.606,0.026,cue_poke_lick_no_reward,False,True
AppetitveTaskReal,m97,m97_AppetitiveTone_150,2,2,56,1762870255.291,2.895,1,3,16,1.385,6.741,1.715,1.744,complete_sequence_rewarded,True,True,True,1.385,0.33,0.029,complete_sequence_rewarded,True,True
AppetitveTaskReal,m97,m97_AppetitiveTone_150,2,2,57,1762870297.709,8.0,0,1,4,NaN,38.554,NaN,NaN,offcue_poke_only,False,False,False,NaN,NaN,NaN,complete_sequence_rewarded,True,True
AppetitveTaskReal,m97,m97_AppetitiveTone_150,2,2,58,1762870347.512,1.787,1,1,6,0.361,27.997,0.661,0.685,complete_sequence_rewarded,True,True,True,0.361,0.299,0.024,offcue_poke_only,False,False
AppetitveTaskReal,m97,m97_AppetitiveTone_150,2,2,59,1762870386.468,8.0,0,0,0,NaN,NaN,NaN,NaN,no_response,False,False,False,NaN,NaN,NaN,complete_sequence_rewarded,True,True
AppetitveTaskReal,m97,m97_AppetitiveTone_150,2,2,60,1762870420.623,8.0,0,0,0,NaN,NaN,NaN,NaN,no_response,False,False,False,NaN,NaN,NaN,no_response,False,False
AppetitveTaskReal,m97,m97_AppetitiveTone_150,3,3,1,1762950390.803,8.0,0,3,6,NaN,-0.004,NaN,NaN,offcue_poke_only,False,False,False,NaN,NaN,NaN,,,
AppetitveTaskReal,m97,m97_AppetitiveTone_150,3,3,2,1762950427.121,8.0,0,3,26,NaN,8.61,NaN,NaN,offcue_poke_only,False,False,False,NaN,NaN,NaN,offcue_poke_only,False,False
AppetitveTaskReal,m97,m97_AppetitiveTone_150,3,3,3,1762950477.404,8.0,0,2,4,NaN,26.009,NaN,NaN,offcue_poke_only,False,False,False,NaN,NaN,NaN,offcue_poke_only,False,False
AppetitveTaskReal,m97,m97_AppetitiveTone_150,3,3,4,1762950514.17,8.0,0,2,18,NaN,18.896,NaN,NaN,offcue_poke_only,False,False,False,NaN,NaN,NaN,offcue_poke_only,False,False
AppetitveTaskReal,m97,m97_AppetitiveTone_150,3,3,5,1762950552.638,8.0,0,1,4,NaN,35.655,NaN,NaN,offcue_poke_only,False,False,False,NaN,NaN,NaN,offcue_poke_only,False,False
AppetitveTaskReal,m97,m97_AppetitiveTone_150,3,3,6,1762950598.785,9.124,1,1,6,7.799,18.586,8.037,8.061,complete_sequence_rewarded,True,True,True,7.799,0.238,0.023,offcue_poke_only,False,False
AppetitveTaskReal,m97,m97_AppetitiveTone_150,3,3,7,1762950637.711,7.371,1,1,8,6.082,15.376,6.238,6.265,complete_sequence_rewarded,True,True,True,6.082,0.156,0.027,complete_sequence_rewarded,True,True
AppetitveTaskReal,m97,m97_AppetitiveTone_150,3,3,8,1762950675.623,4.405,1,2,22,2.348,7.302,3.249,3.262,complete_sequence_rewarded,True,True,True,2.348,0.901,0.013,complete_sequence_rewarded,True,True
AppetitveTaskReal,m97,m97_AppetitiveTone_150,3,3,9,1762950725.006,5.094,1,5,22,3.854,12.566,4.006,4.028,complete_sequence_rewarded,True,True,True,3.854,0.152,0.022,complete_sequence_rewarded,True,True
AppetitveTaskReal,m97,m97_AppetitiveTone_150,3,3,10,1762950783.149,4.721,1,4,16,3.476,7.138,3.585,3.605,complete_sequence_rewarded,True,True,True,3.476,0.109,0.02,complete_sequence_rewarded,True,True
AppetitveTaskReal,m97,m97_AppetitiveTone_150,3,3,11,1762950820.505,4.639,1,5,56,3.13,12.695,3.533,3.558,complete_sequence_rewarded,True,True,True,3.13,0.403,0.025,complete_sequence_rewarded,True,True
AppetitveTaskReal,m97,m97_AppetitiveTone_150,3,3,12,1762950885.232,3.849,1,2,15,2.467,9.112,2.688,2.704,complete_sequence_rewarded,True,True,True,2.467,0.221,0.016,complete_sequence_rewarded,True,True
AppetitveTaskReal,m97,m97_AppetitiveTone_150,3,3,13,1762950922.025,1.891,1,2,15,0.557,27.002,0.695,0.719,complete_sequence_rewarded,True,True,True,0.557,0.139,0.024,complete_sequence_rewarded,True,True
AppetitveTaskReal,m97,m97_AppetitiveTone_150,3,3,14,1762950970.311,8.0,0,6,42,NaN,8.312,NaN,NaN,offcue_poke_only,False,False,False,NaN,NaN,NaN,complete_sequence_rewarded,True,True
AppetitveTaskReal,m97,m97_AppetitiveTone_150,3,3,15,1762951052.026,8.0,0,0,0,NaN,NaN,NaN,NaN,no_response,False,False,False,NaN,NaN,NaN,offcue_poke_only,False,False
AppetitveTaskReal,m97,m97_AppetitiveTone_150,3,3,16,1762951091.22,6.97,1,3,10,5.697,14.784,5.819,5.845,complete_sequence_rewarded,True,True,True,5.697,0.122,0.027,no_response,False,False
AppetitveTaskReal,m97,m97_AppetitiveTone_150,3,3,17,1762951133.055,2.021,1,3,16,0.683,9.723,0.83,0.856,complete_sequence_rewarded,True,True,True,0.683,0.147,0.027,complete_sequence_rewarded,True,True
AppetitveTaskReal,m97,m97_AppetitiveTone_150,3,3,18,1762951172.813,3.307,1,5,24,1.865,10.268,2.205,2.227,complete_sequence_rewarded,True,True,True,1.865,0.34,0.021,complete_sequence_rewarded,True,True
AppetitveTaskReal,m97,m97_AppetitiveTone_150,3,3,19,1762951228.198,8.0,0,4,38,NaN,18.362,NaN,NaN,offcue_poke_only,False,False,False,NaN,NaN,NaN,complete_sequence_rewarded,True,True
AppetitveTaskReal,m97,m97_AppetitiveTone_150,3,3,20,1762951280.721,5.095,1,1,9,1.358,25.416,3.906,3.927,complete_sequence_rewarded,True,True,True,1.358,2.548,0.021,offcue_poke_only,False,False
AppetitveTaskReal,m97,m97_AppetitiveTone_150,3,3,21,1762951317.057,8.0,0,3,22,NaN,13.049,NaN,NaN,offcue_poke_only,False,False,False,NaN,NaN,NaN,complete_sequence_rewarded,True,True
AppetitveTaskReal,m97,m97_AppetitiveTone_150,3,3,22,1762951353.807,5.346,1,8,58,4.032,10.051,4.196,4.221,complete_sequence_rewarded,True,True,True,4.032,0.164,0.025,offcue_poke_only,False,False
AppetitveTaskReal,m97,m97_AppetitiveTone_150,3,3,23,1762951426.565,8.0,0,0,0,NaN,NaN,NaN,NaN,no_response,False,False,False,NaN,NaN,NaN,complete_sequence_rewarded,True,True
AppetitveTaskReal,m97,m97_AppetitiveTone_150,3,3,24,1762951468.724,8.0,0,0,0,NaN,NaN,NaN,NaN,no_response,False,False,False,NaN,NaN,NaN,no_response,False,False
AppetitveTaskReal,m97,m97_AppetitiveTone_150,3,3,25,1762951506.879,8.0,0,2,14,NaN,35.789,NaN,NaN,offcue_poke_only,False,False,False,NaN,NaN,NaN,no_response,False,False
AppetitveTaskReal,m97,m97_AppetitiveTone_150,3,3,26,1762951562.961,5.674,1,1,8,4.328,23.495,4.531,4.556,complete_sequence_rewarded,True,True,True,4.328,0.204,0.024,offcue_poke_only,False,False
AppetitveTaskReal,m97,m97_AppetitiveTone_150,3,3,27,1762951600.142,6.14,1,2,12,4.786,14.803,4.971,4.998,complete_sequence_rewarded,True,True,True,4.786,0.186,0.026,complete_sequence_rewarded,True,True
AppetitveTaskReal,m97,m97_AppetitiveTone_150,3,3,28,1762951641.075,8.0,0,9,36,NaN,17.869,NaN,NaN,offcue_poke_only,False,False,False,NaN,NaN,NaN,complete_sequence_rewarded,True,True
AppetitveTaskReal,m97,m97_AppetitiveTone_150,3,3,29,1762951690.309,8.0,0,0,0,NaN,NaN,NaN,NaN,no_response,False,False,False,NaN,NaN,NaN,offcue_poke_only,False,False
AppetitveTaskReal,m97,m97_AppetitiveTone_150,3,3,30,1762951723.498,5.265,1,2,8,3.894,11.929,4.183,4.199,complete_sequence_rewarded,True,True,True,3.894,0.289,0.017,no_response,False,False
AppetitveTaskReal,m97,m97_AppetitiveTone_150,3,3,31,1762951765.271,8.615,1,4,18,7.292,12.468,7.492,7.513,complete_sequence_rewarded,True,True,True,7.292,0.2,0.022,complete_sequence_rewarded,True,True
AppetitveTaskReal,m97,m97_AppetitiveTone_150,3,3,32,1762951815.293,8.0,0,3,22,NaN,14.931,NaN,NaN,offcue_poke_only,False,False,False,NaN,NaN,NaN,complete_sequence_rewarded,True,True
AppetitveTaskReal,m97,m97_AppetitiveTone_150,3,3,33,1762951854.531,1.692,1,12,77,0.382,36.5,0.547,0.564,complete_sequence_rewarded,True,True,True,0.382,0.164,0.017,offcue_poke_only,False,False
AppetitveTaskReal,m97,m97_AppetitiveTone_150,3,3,34,1762951970.925,8.0,0,0,0,NaN,NaN,NaN,NaN,no_response,False,False,False,NaN,NaN,NaN,complete_sequence_rewarded,True,True
AppetitveTaskReal,m97,m97_AppetitiveTone_150,3,3,35,1762952006.074,8.0,0,3,20,NaN,28.878,NaN,NaN,offcue_poke_only,False,False,False,NaN,NaN,NaN,no_response,False,False
AppetitveTaskReal,m97,m97_AppetitiveTone_150,3,3,36,1762952073.84,8.0,0,0,0,NaN,NaN,NaN,NaN,no_response,False,False,False,NaN,NaN,NaN,offcue_poke_only,False,False
AppetitveTaskReal,m97,m97_AppetitiveTone_150,3,3,37,1762952110.011,8.0,0,0,0,NaN,NaN,NaN,NaN,no_response,False,False,False,NaN,NaN,NaN,no_response,False,False
AppetitveTaskReal,m97,m97_AppetitiveTone_150,3,3,38,1762952153.201,8.0,0,0,0,NaN,NaN,NaN,NaN,no_response,False,False,False,NaN,NaN,NaN,no_response,False,False
AppetitveTaskReal,m97,m97_AppetitiveTone_150,3,3,39,1762952188.383,8.0,0,3,6,NaN,27.092,NaN,NaN,offcue_poke_only,False,False,False,NaN,NaN,NaN,no_response,False,False
AppetitveTaskReal,m97,m97_AppetitiveTone_150,3,3,40,1762952236.003,8.0,0,4,16,NaN,9.996,NaN,NaN,offcue_poke_only,False,False,False,NaN,NaN,NaN,offcue_poke_only,False,False
AppetitveTaskReal,m97,m97_AppetitiveTone_150,3,3,41,1762952280.583,8.0,0,2,14,NaN,35.211,NaN,NaN,offcue_poke_only,False,False,False,NaN,NaN,NaN,offcue_poke_only,False,False
AppetitveTaskReal,m97,m97_AppetitiveTone_150,3,3,42,1762952341.975,8.0,0,0,0,NaN,NaN,NaN,NaN,no_response,False,False,False,NaN,NaN,NaN,offcue_poke_only,False,False
AppetitveTaskReal,m97,m97_AppetitiveTone_150,3,3,43,1762952382.16,8.0,0,3,10,NaN,18.928,NaN,NaN,offcue_poke_only,False,False,False,NaN,NaN,NaN,no_response,False,False
AppetitveTaskReal,m97,m97_AppetitiveTone_150,3,3,44,1762952422.749,3.738,1,2,12,2.383,5.756,2.621,2.643,complete_sequence_rewarded,True,True,True,2.383,0.238,0.022,offcue_poke_only,False,False
AppetitveTaskReal,m97,m97_AppetitiveTone_150,3,3,45,1762952466.579,9.081,1,3,18,7.7,13.88,7.918,7.949,complete_sequence_rewarded,True,True,True,7.7,0.218,0.032,complete_sequence_rewarded,True,True
AppetitveTaskReal,m97,m97_AppetitiveTone_150,3,3,46,1762952517.987,8.0,0,3,14,NaN,9.785,NaN,NaN,offcue_poke_only,False,False,False,NaN,NaN,NaN,complete_sequence_rewarded,True,True
AppetitveTaskReal,m97,m97_AppetitiveTone_150,3,3,47,1762952570.151,1.827,1,2,10,0.488,14.337,0.703,NaN,cue_poke_lick_no_reward,True,True,False,0.488,0.215,NaN,offcue_poke_only,False,False
AppetitveTaskReal,m97,m97_AppetitiveTone_150,3,3,48,1762952608.546,8.0,0,1,4,NaN,11.797,NaN,NaN,offcue_poke_only,False,False,False,NaN,NaN,NaN,cue_poke_lick_no_reward,False,True
AppetitveTaskReal,m97,m97_AppetitiveTone_150,3,3,49,1762952648.319,8.0,0,2,16,NaN,12.662,NaN,NaN,offcue_poke_only,False,False,False,NaN,NaN,NaN,offcue_poke_only,False,False
AppetitveTaskReal,m97,m97_AppetitiveTone_150,3,3,50,1762952692.264,8.0,0,1,4,NaN,31.814,NaN,NaN,offcue_poke_only,False,False,False,NaN,NaN,NaN,offcue_poke_only,False,False
AppetitveTaskReal,m97,m97_AppetitiveTone_150,3,3,51,1762952734.758,8.0,0,0,0,NaN,NaN,NaN,NaN,no_response,False,False,False,NaN,NaN,NaN,offcue_poke_only,False,False
AppetitveTaskReal,m97,m97_AppetitiveTone_150,3,3,52,1762952770.939,8.0,0,0,0,NaN,NaN,NaN,NaN,no_response,False,False,False,NaN,NaN,NaN,no_response,False,False
AppetitveTaskReal,m97,m97_AppetitiveTone_150,3,3,53,1762952811.131,4.082,1,3,12,2.691,12.488,2.919,2.942,complete_sequence_rewarded,True,True,True,2.691,0.228,0.023,no_response,False,False
AppetitveTaskReal,m97,m97_AppetitiveTone_150,3,3,54,1762952848.47,8.023,1,4,24,6.754,12.383,6.942,6.962,complete_sequence_rewarded,True,True,True,6.754,0.188,0.02,complete_sequence_rewarded,True,True
AppetitveTaskReal,m97,m97_AppetitiveTone_150,3,3,55,1762952901.896,1.635,1,1,4,0.267,7.059,0.507,0.524,complete_sequence_rewarded,True,True,True,0.267,0.241,0.017,complete_sequence_rewarded,True,True
AppetitveTaskReal,m97,m97_AppetitiveTone_150,3,3,56,1762952938.942,10.491,1,0,3,6.25,NaN,9.364,9.384,complete_sequence_rewarded,True,True,True,6.25,3.113,0.02,complete_sequence_rewarded,True,True
AppetitveTaskReal,m97,m97_AppetitiveTone_150,3,3,57,1762952978.38,8.0,0,3,24,NaN,18.568,NaN,NaN,offcue_poke_only,False,False,False,NaN,NaN,NaN,complete_sequence_rewarded,True,True
AppetitveTaskReal,m97,m97_AppetitiveTone_150,3,3,58,1762953029.912,8.0,0,2,12,NaN,28.311,NaN,NaN,offcue_poke_only,False,False,False,NaN,NaN,NaN,offcue_poke_only,False,False
AppetitveTaskReal,m97,m97_AppetitiveTone_150,3,3,59,1762953078.406,6.108,1,4,24,4.54,9.974,4.928,4.955,complete_sequence_rewarded,True,True,True,4.54,0.389,0.026,offcue_poke_only,False,False
AppetitveTaskReal,m97,m97_AppetitiveTone_150,3,3,60,1762953124.219,8.0,0,0,0,NaN,NaN,NaN,NaN,no_response,False,False,False,NaN,NaN,NaN,complete_sequence_rewarded,True,True
AppetitveTaskReal,m97,m97_AppetitiveTone_150,4,4,1,1763029095.689,8.0,0,0,0,NaN,NaN,NaN,NaN,no_response,False,False,False,NaN,NaN,NaN,,,
AppetitveTaskReal,m97,m97_AppetitiveTone_150,4,4,2,1763029132.866,8.0,0,0,0,NaN,NaN,NaN,NaN,no_response,False,False,False,NaN,NaN,NaN,no_response,False,False
AppetitveTaskReal,m97,m97_AppetitiveTone_150,4,4,3,1763029175.044,8.0,0,2,8,NaN,24.306,NaN,NaN,offcue_poke_only,False,False,False,NaN,NaN,NaN,no_response,False,False
AppetitveTaskReal,m97,m97_AppetitiveTone_150,4,4,4,1763029219.833,8.0,0,0,0,NaN,NaN,NaN,NaN,no_response,False,False,False,NaN,NaN,NaN,offcue_poke_only,False,False
AppetitveTaskReal,m97,m97_AppetitiveTone_150,4,4,5,1763029254.989,8.0,0,0,0,NaN,NaN,NaN,NaN,no_response,False,False,False,NaN,NaN,NaN,no_response,False,False
AppetitveTaskReal,m97,m97_AppetitiveTone_150,4,4,6,1763029288.171,2.629,1,5,25,0.34,2.792,1.521,1.532,complete_sequence_rewarded,True,True,True,0.34,1.18,0.012,no_response,False,False
AppetitveTaskReal,m97,m97_AppetitiveTone_150,4,4,7,1763029330.869,7.576,1,3,26,6.16,16.073,6.45,6.482,complete_sequence_rewarded,True,True,True,6.16,0.29,0.032,complete_sequence_rewarded,True,True
AppetitveTaskReal,m97,m97_AppetitiveTone_150,4,4,8,1763029377.358,1.541,1,4,12,0.266,7.526,0.437,0.458,complete_sequence_rewarded,True,True,True,0.266,0.17,0.022,complete_sequence_rewarded,True,True
AppetitveTaskReal,m97,m97_AppetitiveTone_150,4,4,9,1763029426.147,7.982,1,3,26,6.624,14.214,6.875,6.894,complete_sequence_rewarded,True,True,True,6.624,0.251,0.019,complete_sequence_rewarded,True,True
AppetitveTaskReal,m97,m97_AppetitiveTone_150,4,4,10,1763029474.0,8.0,0,2,12,NaN,13.85,NaN,NaN,offcue_poke_only,False,False,False,NaN,NaN,NaN,complete_sequence_rewarded,True,True
AppetitveTaskReal,m97,m97_AppetitiveTone_150,4,4,11,1763029512.553,8.0,2,4,16,2.243,8.442,8.719,NaN,cue_poke_no_lick,True,False,False,2.243,6.476,NaN,offcue_poke_only,False,False
AppetitveTaskReal,m97,m97_AppetitiveTone_150,4,4,12,1763029559.252,3.287,1,3,24,1.942,8.838,2.131,2.148,complete_sequence_rewarded,True,True,True,1.942,0.189,0.017,cue_poke_no_lick,False,True
AppetitveTaskReal,m97,m97_AppetitiveTone_150,4,4,13,1763029602.758,3.721,1,2,6,2.371,19.842,2.576,2.592,complete_sequence_rewarded,True,True,True,2.371,0.205,0.016,complete_sequence_rewarded,True,True
AppetitveTaskReal,m97,m97_AppetitiveTone_150,4,4,14,1763029644.019,8.0,1,1,10,1.702,13.112,13.318,NaN,cue_poke_no_lick,True,False,False,1.702,11.615,NaN,complete_sequence_rewarded,True,True
AppetitveTaskReal,m97,m97_AppetitiveTone_150,4,4,15,1763029676.711,8.0,0,8,62,NaN,18.867,NaN,NaN,offcue_poke_only,False,False,False,NaN,NaN,NaN,cue_poke_no_lick,False,True
AppetitveTaskReal,m97,m97_AppetitiveTone_150,4,4,16,1763029758.615,1.92,1,3,26,0.602,5.499,0.805,0.831,complete_sequence_rewarded,True,True,True,0.602,0.202,0.027,offcue_poke_only,False,False
AppetitveTaskReal,m97,m97_AppetitiveTone_150,4,4,17,1763029796.566,8.0,0,0,0,NaN,NaN,NaN,NaN,no_response,False,False,False,NaN,NaN,NaN,complete_sequence_rewarded,True,True
AppetitveTaskReal,m97,m97_AppetitiveTone_150,4,4,18,1763029833.743,4.042,1,4,18,2.694,9.217,2.875,2.906,complete_sequence_rewarded,True,True,True,2.694,0.181,0.031,no_response,False,False
AppetitveTaskReal,m97,m97_AppetitiveTone_150,4,4,19,1763029880.354,8.0,0,2,16,NaN,20.842,NaN,NaN,offcue_poke_only,False,False,False,NaN,NaN,NaN,complete_sequence_rewarded,True,True
AppetitveTaskReal,m97,m97_AppetitiveTone_150,4,4,20,1763029925.103,4.16,1,1,6,2.768,31.416,2.983,3.004,complete_sequence_rewarded,True,True,True,2.768,0.214,0.022,offcue_poke_only,False,False
AppetitveTaskReal,m97,m97_AppetitiveTone_150,4,4,21,1763029967.412,8.0,0,3,28,NaN,13.878,NaN,NaN,offcue_poke_only,False,False,False,NaN,NaN,NaN,complete_sequence_rewarded,True,True
AppetitveTaskReal,m97,m97_AppetitiveTone_150,4,4,22,1763030012.776,3.135,1,5,44,1.73,12.266,2.004,2.022,complete_sequence_rewarded,True,True,True,1.73,0.273,0.018,offcue_poke_only,False,False
AppetitveTaskReal,m97,m97_AppetitiveTone_150,4,4,23,1763030065.491,1.832,1,6,80,0.486,12.5,0.689,NaN,cue_poke_lick_no_reward,True,True,False,0.486,0.203,NaN,complete_sequence_rewarded,True,True
AppetitveTaskReal,m97,m97_AppetitiveTone_150,4,4,24,1763030150.735,8.0,0,6,44,NaN,23.684,NaN,NaN,offcue_poke_only,False,False,False,NaN,NaN,NaN,cue_poke_lick_no_reward,False,True
AppetitveTaskReal,m97,m97_AppetitiveTone_150,4,4,25,1763030228.441,8.0,0,5,24,NaN,8.47,NaN,NaN,offcue_poke_only,False,False,False,NaN,NaN,NaN,offcue_poke_only,False,False
AppetitveTaskReal,m97,m97_AppetitiveTone_150,4,4,26,1763030277.419,8.0,0,1,6,NaN,9.2,NaN,NaN,offcue_poke_only,False,False,False,NaN,NaN,NaN,offcue_poke_only,False,False
AppetitveTaskReal,m97,m97_AppetitiveTone_150,4,4,27,1763030321.727,6.985,1,1,6,5.523,13.464,5.846,5.874,complete_sequence_rewarded,True,True,True,5.523,0.324,0.028,offcue_poke_only,False,False
AppetitveTaskReal,m97,m97_AppetitiveTone_150,4,4,28,1763030368.016,8.0,0,0,0,NaN,NaN,NaN,NaN,no_response,False,False,False,NaN,NaN,NaN,complete_sequence_rewarded,True,True
AppetitveTaskReal,m97,m97_AppetitiveTone_150,4,4,29,1763030410.19,8.0,0,4,24,NaN,28.329,NaN,NaN,offcue_poke_only,False,False,False,NaN,NaN,NaN,no_response,False,False
AppetitveTaskReal,m97,m97_AppetitiveTone_150,4,4,30,1763030469.95,8.0,0,2,16,NaN,13.46,NaN,NaN,offcue_poke_only,False,False,False,NaN,NaN,NaN,offcue_poke_only,False,False
AppetitveTaskReal,m97,m97_AppetitiveTone_150,4,4,31,1763030516.531,8.0,0,3,22,NaN,9.87,NaN,NaN,offcue_poke_only,False,False,False,NaN,NaN,NaN,offcue_poke_only,False,False
AppetitveTaskReal,m97,m97_AppetitiveTone_150,4,4,32,1763030555.975,7.546,1,0,4,6.198,NaN,6.365,6.398,complete_sequence_rewarded,True,True,True,6.198,0.168,0.032,offcue_poke_only,False,False
AppetitveTaskReal,m97,m97_AppetitiveTone_150,4,4,33,1763030597.341,3.863,1,1,10,2.529,11.18,2.731,2.757,complete_sequence_rewarded,True,True,True,2.529,0.202,0.025,complete_sequence_rewarded,True,True
AppetitveTaskReal,m97,m97_AppetitiveTone_150,4,4,34,1763030630.521,8.0,0,2,14,NaN,21.933,NaN,NaN,offcue_poke_only,False,False,False,NaN,NaN,NaN,complete_sequence_rewarded,True,True
AppetitveTaskReal,m97,m97_AppetitiveTone_150,4,4,35,1763030675.516,1.835,1,8,70,0.518,7.992,0.672,0.693,complete_sequence_rewarded,True,True,True,0.518,0.154,0.021,offcue_poke_only,False,False
AppetitveTaskReal,m97,m97_AppetitiveTone_150,4,4,36,1763030759.947,2.13,1,4,18,0.794,8.31,0.996,NaN,cue_poke_lick_no_reward,True,True,False,0.794,0.202,NaN,complete_sequence_rewarded,True,True
AppetitveTaskReal,m97,m97_AppetitiveTone_150,4,4,37,1763030808.722,8.0,0,2,16,NaN,10.153,NaN,NaN,offcue_poke_only,False,False,False,NaN,NaN,NaN,cue_poke_lick_no_reward,False,True
AppetitveTaskReal,m97,m97_AppetitiveTone_150,4,4,38,1763030847.377,1.946,1,0,0,0.685,NaN,0.853,0.871,complete_sequence_rewarded,True,True,True,0.685,0.168,0.018,offcue_poke_only,False,False
AppetitveTaskReal,m97,m97_AppetitiveTone_150,4,4,39,1763030881.208,2.027,1,1,8,0.693,33.232,0.879,0.903,complete_sequence_rewarded,True,True,True,0.693,0.186,0.024,complete_sequence_rewarded,True,True
AppetitveTaskReal,m97,m97_AppetitiveTone_150,4,4,40,1763030925.194,1.827,1,4,22,0.526,24.675,0.66,0.687,complete_sequence_rewarded,True,True,True,0.526,0.135,0.026,complete_sequence_rewarded,True,True
AppetitveTaskReal,m97,m97_AppetitiveTone_150,4,4,41,1763030976.669,3.276,1,3,10,1.459,6.688,2.139,2.162,complete_sequence_rewarded,True,True,True,1.459,0.68,0.023,complete_sequence_rewarded,True,True
AppetitveTaskReal,m97,m97_AppetitiveTone_150,4,4,42,1763031014.683,8.0,0,6,22,NaN,24.176,NaN,NaN,offcue_poke_only,False,False,False,NaN,NaN,NaN,complete_sequence_rewarded,True,True
AppetitveTaskReal,m97,m97_AppetitiveTone_150,4,4,43,1763031074.395,8.0,0,6,24,NaN,23.092,NaN,NaN,offcue_poke_only,False,False,False,NaN,NaN,NaN,offcue_poke_only,False,False
AppetitveTaskReal,m97,m97_AppetitiveTone_150,4,4,44,1763031140.043,8.0,0,1,4,NaN,27.599,NaN,NaN,offcue_poke_only,False,False,False,NaN,NaN,NaN,offcue_poke_only,False,False
AppetitveTaskReal,m97,m97_AppetitiveTone_150,4,4,45,1763031178.245,8.0,0,1,6,NaN,34.594,NaN,NaN,offcue_poke_only,False,False,False,NaN,NaN,NaN,offcue_poke_only,False,False
AppetitveTaskReal,m97,m97_AppetitiveTone_150,4,4,46,1763031224.115,8.0,0,2,12,NaN,10.679,NaN,NaN,offcue_poke_only,False,False,False,NaN,NaN,NaN,offcue_poke_only,False,False
AppetitveTaskReal,m97,m97_AppetitiveTone_150,4,4,47,1763031262.782,1.616,0,1,2,NaN,-0.015,NaN,0.458,offcue_poke_only,False,True,True,NaN,NaN,NaN,offcue_poke_only,False,False
AppetitveTaskReal,m97,m97_AppetitiveTone_150,4,4,48,1763031302.934,6.17,1,1,12,4.719,30.455,5.056,NaN,cue_poke_lick_no_reward,True,True,False,4.719,0.337,NaN,offcue_poke_only,True,False
AppetitveTaskReal,m97,m97_AppetitiveTone_150,4,4,49,1763031346.427,8.0,0,1,6,NaN,25.493,NaN,NaN,offcue_poke_only,False,False,False,NaN,NaN,NaN,cue_poke_lick_no_reward,False,True
AppetitveTaskReal,m97,m97_AppetitiveTone_150,4,4,50,1763031389.265,8.0,0,0,0,NaN,NaN,NaN,NaN,no_response,False,False,False,NaN,NaN,NaN,offcue_poke_only,False,False
AppetitveTaskReal,m97,m97_AppetitiveTone_150,4,4,51,1763031426.43,8.0,0,1,0,NaN,28.875,NaN,NaN,offcue_poke_only,False,False,False,NaN,NaN,NaN,no_response,False,False
AppetitveTaskReal,m97,m97_AppetitiveTone_150,4,4,52,1763031468.421,8.0,0,0,0,NaN,NaN,NaN,NaN,no_response,False,False,False,NaN,NaN,NaN,offcue_poke_only,False,False
AppetitveTaskReal,m97,m97_AppetitiveTone_150,4,4,53,1763031502.642,8.0,0,0,0,NaN,NaN,NaN,NaN,no_response,False,False,False,NaN,NaN,NaN,no_response,False,False
AppetitveTaskReal,m97,m97_AppetitiveTone_150,4,4,54,1763031542.803,8.0,0,3,14,NaN,12.655,NaN,NaN,offcue_poke_only,False,False,False,NaN,NaN,NaN,no_response,False,False
AppetitveTaskReal,m97,m97_AppetitiveTone_150,4,4,55,1763031583.335,3.25,1,2,20,1.883,13.164,2.134,2.16,complete_sequence_rewarded,True,True,True,1.883,0.251,0.026,offcue_poke_only,False,False
AppetitveTaskReal,m97,m97_AppetitiveTone_150,4,4,56,1763031625.185,8.0,0,3,20,NaN,36.843,NaN,NaN,offcue_poke_only,False,False,False,NaN,NaN,NaN,complete_sequence_rewarded,True,True
AppetitveTaskReal,m97,m97_AppetitiveTone_150,4,4,57,1763031688.703,2.415,1,1,10,1.003,22.921,1.329,1.347,complete_sequence_rewarded,True,True,True,1.003,0.326,0.018,offcue_poke_only,False,False
AppetitveTaskReal,m97,m97_AppetitiveTone_150,4,4,58,1763031724.134,3.319,1,1,8,2.003,20.158,2.193,2.216,complete_sequence_rewarded,True,True,True,2.003,0.191,0.023,complete_sequence_rewarded,True,True
AppetitveTaskReal,m97,m97_AppetitiveTone_150,4,4,59,1763031765.097,8.0,0,2,4,NaN,28.118,NaN,NaN,offcue_poke_only,False,False,False,NaN,NaN,NaN,complete_sequence_rewarded,True,True
AppetitveTaskReal,m97,m97_AppetitiveTone_150,4,4,60,1763031817.31,8.0,0,0,0,NaN,NaN,NaN,NaN,no_response,False,False,False,NaN,NaN,NaN,offcue_poke_only,False,False
AppetitveTaskReal,m97,m97_AppetitiveTone_150,5,5,1,1763375295.697,8.0,0,4,6,NaN,26.569,NaN,NaN,offcue_poke_only,False,False,False,NaN,NaN,NaN,,,
AppetitveTaskReal,m97,m97_AppetitiveTone_150,5,5,2,1763375341.28,1.908,1,3,32,0.617,25.766,0.753,0.781,complete_sequence_rewarded,True,True,True,0.617,0.137,0.028,offcue_poke_only,False,False
AppetitveTaskReal,m97,m97_AppetitiveTone_150,5,5,3,1763375398.183,1.997,1,3,14,0.671,12.31,0.86,0.886,complete_sequence_rewarded,True,True,True,0.671,0.189,0.026,complete_sequence_rewarded,True,True
AppetitveTaskReal,m97,m97_AppetitiveTone_150,5,5,4,1763375436.095,3.239,1,4,16,1.912,7.518,2.103,2.116,complete_sequence_rewarded,True,True,True,1.912,0.191,0.014,complete_sequence_rewarded,True,True
AppetitveTaskReal,m97,m97_AppetitiveTone_150,5,5,5,1763375479.379,8.0,0,3,14,NaN,15.108,NaN,NaN,offcue_poke_only,False,False,False,NaN,NaN,NaN,complete_sequence_rewarded,True,True
AppetitveTaskReal,m97,m97_AppetitiveTone_150,5,5,6,1763375519.52,8.0,0,7,34,NaN,8.744,NaN,NaN,offcue_poke_only,False,False,False,NaN,NaN,NaN,offcue_poke_only,False,False
AppetitveTaskReal,m97,m97_AppetitiveTone_150,5,5,7,1763375571.814,8.0,0,3,14,NaN,30.595,NaN,NaN,offcue_poke_only,False,False,False,NaN,NaN,NaN,offcue_poke_only,False,False
AppetitveTaskReal,m97,m97_AppetitiveTone_150,5,5,8,1763375626.842,2.935,1,5,39,1.588,7.661,1.801,1.822,complete_sequence_rewarded,True,True,True,1.588,0.214,0.021,offcue_poke_only,False,False
AppetitveTaskReal,m97,m97_AppetitiveTone_150,5,5,9,1763375678.2,1.877,1,3,18,0.622,4.276,0.768,0.785,complete_sequence_rewarded,True,True,True,0.622,0.146,0.017,complete_sequence_rewarded,True,True
AppetitveTaskReal,m97,m97_AppetitiveTone_150,5,5,10,1763375713.973,4.839,1,14,72,3.499,9.497,3.675,3.694,complete_sequence_rewarded,True,True,True,3.499,0.176,0.019,complete_sequence_rewarded,True,True
AppetitveTaskReal,m97,m97_AppetitiveTone_150,5,5,11,1763375810.95,2.759,1,10,58,1.402,2.819,1.606,1.626,complete_sequence_rewarded,True,True,True,1.402,0.203,0.021,complete_sequence_rewarded,True,True
AppetitveTaskReal,m97,m97_AppetitiveTone_150,5,5,12,1763375899.161,2.018,1,7,37,0.726,9.359,0.908,0.931,complete_sequence_rewarded,True,True,True,0.726,0.183,0.023,complete_sequence_rewarded,True,True
AppetitveTaskReal,m97,m97_AppetitiveTone_150,5,5,13,1763375961.498,8.0,0,1,6,NaN,20.206,NaN,NaN,offcue_poke_only,False,False,False,NaN,NaN,NaN,complete_sequence_rewarded,True,True
AppetitveTaskReal,m97,m97_AppetitiveTone_150,5,5,14,1763376004.757,6.167,1,3,19,4.869,25.483,5.048,5.064,complete_sequence_rewarded,True,True,True,4.869,0.18,0.015,offcue_poke_only,False,False
AppetitveTaskReal,m97,m97_AppetitiveTone_150,5,5,15,1763376052.506,8.0,0,1,4,NaN,11.751,NaN,NaN,offcue_poke_only,False,False,False,NaN,NaN,NaN,complete_sequence_rewarded,True,True
AppetitveTaskReal,m97,m97_AppetitiveTone_150,5,5,16,1763376087.258,8.0,0,14,72,NaN,14.717,NaN,NaN,offcue_poke_only,False,False,False,NaN,NaN,NaN,offcue_poke_only,False,False
AppetitveTaskReal,m97,m97_AppetitiveTone_150,5,5,17,1763376203.022,2.511,1,6,28,1.239,8.275,1.393,1.41,complete_sequence_rewarded,True,True,True,1.239,0.154,0.017,offcue_poke_only,False,False
AppetitveTaskReal,m97,m97_AppetitiveTone_150,5,5,18,1763376256.512,2.08,1,3,16,0.795,8.021,0.985,0.997,complete_sequence_rewarded,True,True,True,0.795,0.19,0.013,complete_sequence_rewarded,True,True
AppetitveTaskReal,m97,m97_AppetitiveTone_150,5,5,19,1763376294.895,8.0,0,0,0,NaN,NaN,NaN,NaN,no_response,False,False,False,NaN,NaN,NaN,complete_sequence_rewarded,True,True
AppetitveTaskReal,m97,m97_AppetitiveTone_150,5,5,20,1763376329.071,8.0,0,3,8,NaN,26.574,NaN,NaN,offcue_poke_only,False,False,False,NaN,NaN,NaN,no_response,False,False
AppetitveTaskReal,m97,m97_AppetitiveTone_150,5,5,21,1763376370.859,9.107,1,4,20,7.751,19.107,7.958,7.986,complete_sequence_rewarded,True,True,True,7.751,0.208,0.028,offcue_poke_only,False,False
AppetitveTaskReal,m97,m97_AppetitiveTone_150,5,5,22,1763376432.131,8.0,0,9,42,NaN,12.092,NaN,NaN,offcue_poke_only,False,False,False,NaN,NaN,NaN,complete_sequence_rewarded,True,True
AppetitveTaskReal,m97,m97_AppetitiveTone_150,5,5,23,1763376502.354,8.61,1,6,32,7.175,14.328,7.492,7.515,complete_sequence_rewarded,True,True,True,7.175,0.317,0.023,offcue_poke_only,False,False
AppetitveTaskReal,m97,m97_AppetitiveTone_150,5,5,24,1763376570.585,5.725,1,4,36,4.399,12.051,4.628,4.654,complete_sequence_rewarded,True,True,True,4.399,0.23,0.026,complete_sequence_rewarded,True,True
AppetitveTaskReal,m97,m97_AppetitiveTone_150,5,5,25,1763376622.014,8.0,0,0,0,NaN,NaN,NaN,NaN,no_response,False,False,False,NaN,NaN,NaN,complete_sequence_rewarded,True,True
AppetitveTaskReal,m97,m97_AppetitiveTone_150,5,5,26,1763376659.198,8.0,0,0,0,NaN,NaN,NaN,NaN,no_response,False,False,False,NaN,NaN,NaN,no_response,False,False
AppetitveTaskReal,m97,m97_AppetitiveTone_150,5,5,27,1763376692.388,6.022,1,5,26,4.415,8.759,4.905,4.921,complete_sequence_rewarded,True,True,True,4.415,0.49,0.017,no_response,False,False
AppetitveTaskReal,m97,m97_AppetitiveTone_150,5,5,28,1763376742.015,8.47,1,10,60,7.119,13.416,7.385,7.41,complete_sequence_rewarded,True,True,True,7.119,0.265,0.026,complete_sequence_rewarded,True,True
AppetitveTaskReal,m97,m97_AppetitiveTone_150,5,5,29,1763376832.518,8.0,0,4,22,NaN,15.201,NaN,NaN,offcue_poke_only,False,False,False,NaN,NaN,NaN,complete_sequence_rewarded,True,True
AppetitveTaskReal,m97,m97_AppetitiveTone_150,5,5,30,1763376879.619,1.774,1,1,4,0.338,3.087,0.645,0.661,complete_sequence_rewarded,True,True,True,0.338,0.307,0.016,offcue_poke_only,False,False
AppetitveTaskReal,m97,m97_AppetitiveTone_150,5,5,31,1763376913.129,8.0,0,0,0,NaN,NaN,NaN,NaN,no_response,False,False,False,NaN,NaN,NaN,complete_sequence_rewarded,True,True
AppetitveTaskReal,m97,m97_AppetitiveTone_150,5,5,32,1763376948.299,8.0,0,0,0,NaN,NaN,NaN,NaN,no_response,False,False,False,NaN,NaN,NaN,no_response,False,False
AppetitveTaskReal,m97,m97_AppetitiveTone_150,5,5,33,1763376985.468,8.0,0,1,8,NaN,32.981,NaN,NaN,offcue_poke_only,False,False,False,NaN,NaN,NaN,no_response,False,False
AppetitveTaskReal,m97,m97_AppetitiveTone_150,5,5,34,1763377030.204,8.0,0,1,8,NaN,22.909,NaN,NaN,offcue_poke_only,False,False,False,NaN,NaN,NaN,offcue_poke_only,False,False
AppetitveTaskReal,m97,m97_AppetitiveTone_150,5,5,35,1763377065.367,1.813,1,2,10,0.437,7.112,0.688,0.719,complete_sequence_rewarded,True,True,True,0.437,0.252,0.031,offcue_poke_only,False,False
AppetitveTaskReal,m97,m97_AppetitiveTone_150,5,5,36,1763377099.989,8.0,0,5,18,NaN,22.521,NaN,NaN,offcue_poke_only,False,False,False,NaN,NaN,NaN,complete_sequence_rewarded,True,True
AppetitveTaskReal,m97,m97_AppetitiveTone_150,5,5,37,1763377155.88,8.0,0,5,24,NaN,25.232,NaN,NaN,offcue_poke_only,False,False,False,NaN,NaN,NaN,offcue_poke_only,False,False
AppetitveTaskReal,m97,m97_AppetitiveTone_150,5,5,38,1763377227.443,2.174,1,2,11,0.681,14.195,1.044,1.072,complete_sequence_rewarded,True,True,True,0.681,0.364,0.027,offcue_poke_only,False,False
AppetitveTaskReal,m97,m97_AppetitiveTone_150,5,5,39,1763377264.288,6.078,1,5,43,4.718,13.716,4.968,4.991,complete_sequence_rewarded,True,True,True,4.718,0.25,0.023,complete_sequence_rewarded,True,True
AppetitveTaskReal,m97,m97_AppetitiveTone_150,5,5,40,1763377326.535,2.124,1,3,16,0.777,10.78,0.983,1.007,complete_sequence_rewarded,True,True,True,0.777,0.206,0.023,complete_sequence_rewarded,True,True
AppetitveTaskReal,m97,m97_AppetitiveTone_150,5,5,41,1763377361.717,8.0,0,0,0,NaN,NaN,NaN,NaN,no_response,False,False,False,NaN,NaN,NaN,complete_sequence_rewarded,True,True
AppetitveTaskReal,m97,m97_AppetitiveTone_150,5,5,42,1763377398.903,8.0,0,1,6,NaN,26.811,NaN,NaN,offcue_poke_only,False,False,False,NaN,NaN,NaN,no_response,False,False
AppetitveTaskReal,m97,m97_AppetitiveTone_150,5,5,43,1763377443.533,8.0,0,0,0,NaN,NaN,NaN,NaN,no_response,False,False,False,NaN,NaN,NaN,offcue_poke_only,False,False
AppetitveTaskReal,m97,m97_AppetitiveTone_150,5,5,44,1763377486.671,8.0,0,2,10,NaN,16.461,NaN,NaN,offcue_poke_only,False,False,False,NaN,NaN,NaN,no_response,False,False
AppetitveTaskReal,m97,m97_AppetitiveTone_150,5,5,45,1763377528.4,8.0,0,1,6,NaN,27.078,NaN,NaN,offcue_poke_only,False,False,False,NaN,NaN,NaN,offcue_poke_only,False,False
AppetitveTaskReal,m97,m97_AppetitiveTone_150,5,5,46,1763377569.342,8.0,0,2,12,NaN,12.901,NaN,NaN,offcue_poke_only,False,False,False,NaN,NaN,NaN,offcue_poke_only,False,False
AppetitveTaskReal,m97,m97_AppetitiveTone_150,5,5,47,1763377608.77,1.55,1,3,10,0.116,3.019,0.382,0.404,complete_sequence_rewarded,True,True,True,0.116,0.266,0.022,offcue_poke_only,False,False
AppetitveTaskReal,m97,m97_AppetitiveTone_150,5,5,48,1763377654.621,8.0,0,1,4,NaN,38.673,NaN,NaN,offcue_poke_only,False,False,False,NaN,NaN,NaN,complete_sequence_rewarded,True,True
AppetitveTaskReal,m97,m97_AppetitiveTone_150,5,5,49,1763377705.076,8.0,0,0,0,NaN,NaN,NaN,NaN,no_response,False,False,False,NaN,NaN,NaN,offcue_poke_only,False,False
AppetitveTaskReal,m97,m97_AppetitiveTone_150,5,5,50,1763377748.27,2.115,1,5,16,0.579,10.773,0.974,0.989,complete_sequence_rewarded,True,True,True,0.579,0.395,0.015,no_response,False,False
AppetitveTaskReal,m97,m97_AppetitiveTone_150,5,5,51,1763377805.322,8.0,0,0,0,NaN,NaN,NaN,NaN,no_response,False,False,False,NaN,NaN,NaN,complete_sequence_rewarded,True,True
AppetitveTaskReal,m97,m97_AppetitiveTone_150,5,5,52,1763377838.507,4.021,1,1,6,2.632,15.533,2.835,2.863,complete_sequence_rewarded,True,True,True,2.632,0.203,0.028,no_response,False,False
AppetitveTaskReal,m97,m97_AppetitiveTone_150,5,5,53,1763377872.031,8.0,0,1,4,NaN,17.093,NaN,NaN,offcue_poke_only,False,False,False,NaN,NaN,NaN,complete_sequence_rewarded,True,True
AppetitveTaskReal,m97,m97_AppetitiveTone_150,5,5,54,1763377912.927,8.0,0,0,0,NaN,NaN,NaN,NaN,no_response,False,False,False,NaN,NaN,NaN,offcue_poke_only,False,False
AppetitveTaskReal,m97,m97_AppetitiveTone_150,5,5,55,1763377952.087,8.0,0,0,0,NaN,NaN,NaN,NaN,no_response,False,False,False,NaN,NaN,NaN,no_response,False,False
AppetitveTaskReal,m97,m97_AppetitiveTone_150,5,5,56,1763377994.271,8.0,0,5,28,NaN,33.582,NaN,NaN,offcue_poke_only,False,False,False,NaN,NaN,NaN,no_response,False,False
AppetitveTaskReal,m97,m97_AppetitiveTone_150,5,5,57,1763378063.62,7.06,1,4,12,5.614,12.352,5.874,5.894,complete_sequence_rewarded,True,True,True,5.614,0.26,0.021,offcue_poke_only,False,False
AppetitveTaskReal,m97,m97_AppetitiveTone_150,5,5,58,1763378109.818,8.0,0,2,6,NaN,22.543,NaN,NaN,offcue_poke_only,False,False,False,NaN,NaN,NaN,complete_sequence_rewarded,True,True
AppetitveTaskReal,m97,m97_AppetitiveTone_150,5,5,59,1763378149.823,8.0,0,4,12,NaN,20.944,NaN,NaN,offcue_poke_only,False,False,False,NaN,NaN,NaN,offcue_poke_only,False,False
AppetitveTaskReal,m97,m97_AppetitiveTone_150,5,5,60,1763378209.624,8.0,0,0,0,NaN,NaN,NaN,NaN,no_response,False,False,False,NaN,NaN,NaN,offcue_poke_only,False,False
AppetitveTaskReal,m97,m97_AppetitiveTone_150,6,6,1,1763474148.057,8.0,0,0,0,NaN,NaN,NaN,NaN,no_response,False,False,False,NaN,NaN,NaN,,,
AppetitveTaskReal,m97,m97_AppetitiveTone_150,6,6,2,1763474186.245,5.509,1,0,0,3.723,NaN,4.385,4.412,complete_sequence_rewarded,True,True,True,3.723,0.662,0.027,no_response,False,False
AppetitveTaskReal,m97,m97_AppetitiveTone_150,6,6,3,1763474221.151,1.67,1,4,28,0.339,31.991,0.525,0.543,complete_sequence_rewarded,True,True,True,0.339,0.186,0.018,complete_sequence_rewarded,True,True
AppetitveTaskReal,m97,m97_AppetitiveTone_150,6,6,4,1763474285.162,8.0,0,0,0,NaN,NaN,NaN,NaN,no_response,False,False,False,NaN,NaN,NaN,complete_sequence_rewarded,True,True
AppetitveTaskReal,m97,m97_AppetitiveTone_150,6,6,5,1763474320.332,5.125,1,1,8,3.852,18.974,4.002,4.024,complete_sequence_rewarded,True,True,True,3.852,0.151,0.022,no_response,False,False
AppetitveTaskReal,m97,m97_AppetitiveTone_150,6,6,6,1763474362.299,2.726,1,3,14,1.433,10.717,1.562,1.577,complete_sequence_rewarded,True,True,True,1.433,0.129,0.015,complete_sequence_rewarded,True,True
AppetitveTaskReal,m97,m97_AppetitiveTone_150,6,6,7,1763474403.446,8.0,0,4,16,NaN,36.262,NaN,NaN,offcue_poke_only,False,False,False,NaN,NaN,NaN,complete_sequence_rewarded,True,True
AppetitveTaskReal,m97,m97_AppetitiveTone_150,6,6,8,1763474468.583,8.0,0,10,42,NaN,10.557,NaN,NaN,offcue_poke_only,False,False,False,NaN,NaN,NaN,offcue_poke_only,False,False
AppetitveTaskReal,m97,m97_AppetitiveTone_150,6,6,9,1763474533.591,5.936,1,2,6,4.652,8.604,4.823,4.85,complete_sequence_rewarded,True,True,True,4.652,0.171,0.027,offcue_poke_only,False,False
AppetitveTaskReal,m97,m97_AppetitiveTone_150,6,6,10,1763474572.892,8.0,0,2,12,NaN,21.806,NaN,NaN,offcue_poke_only,False,False,False,NaN,NaN,NaN,complete_sequence_rewarded,True,True
AppetitveTaskReal,m97,m97_AppetitiveTone_150,6,6,11,1763474616.415,1.726,1,4,22,0.335,5.304,0.586,0.602,complete_sequence_rewarded,True,True,True,0.335,0.251,0.016,offcue_poke_only,False,False
AppetitveTaskReal,m97,m97_AppetitiveTone_150,6,6,12,1763474660.783,2.185,1,1,6,0.697,6.005,1.063,1.087,complete_sequence_rewarded,True,True,True,0.697,0.365,0.025,complete_sequence_rewarded,True,True
AppetitveTaskReal,m97,m97_AppetitiveTone_150,6,6,13,1763474697.32,6.329,1,3,12,5.023,9.01,5.193,5.211,complete_sequence_rewarded,True,True,True,5.023,0.17,0.017,complete_sequence_rewarded,True,True
AppetitveTaskReal,m97,m97_AppetitiveTone_150,6,6,14,1763474735.91,8.0,0,10,40,NaN,32.622,NaN,NaN,offcue_poke_only,False,False,False,NaN,NaN,NaN,complete_sequence_rewarded,True,True
AppetitveTaskReal,m97,m97_AppetitiveTone_150,6,6,15,1763474831.831,5.485,1,4,24,4.127,10.898,4.323,4.341,complete_sequence_rewarded,True,True,True,4.127,0.196,0.018,offcue_poke_only,False,False
AppetitveTaskReal,m97,m97_AppetitiveTone_150,6,6,16,1763474881.925,8.0,0,0,0,NaN,NaN,NaN,NaN,no_response,False,False,False,NaN,NaN,NaN,complete_sequence_rewarded,True,True
AppetitveTaskReal,m97,m97_AppetitiveTone_150,6,6,17,1763474916.07,2.874,1,9,40,1.48,7.407,1.755,1.781,complete_sequence_rewarded,True,True,True,1.48,0.274,0.026,no_response,False,False
AppetitveTaskReal,m97,m97_AppetitiveTone_150,6,6,18,1763474995.394,8.0,0,0,0,NaN,NaN,NaN,NaN,no_response,False,False,False,NaN,NaN,NaN,complete_sequence_rewarded,True,True
AppetitveTaskReal,m97,m97_AppetitiveTone_150,6,6,19,1763475031.52,8.0,0,2,12,NaN,28.832,NaN,NaN,offcue_poke_only,False,False,False,NaN,NaN,NaN,no_response,False,False
AppetitveTaskReal,m97,m97_AppetitiveTone_150,6,6,20,1763475076.34,5.027,1,10,60,3.78,8.208,3.904,3.922,complete_sequence_rewarded,True,True,True,3.78,0.125,0.017,offcue_poke_only,False,False
AppetitveTaskReal,m97,m97_AppetitiveTone_150,6,6,21,1763475146.024,1.333,1,5,24,0.076,9.318,0.212,0.239,complete_sequence_rewarded,True,True,True,0.076,0.136,0.027,complete_sequence_rewarded,True,True
AppetitveTaskReal,m97,m97_AppetitiveTone_150,6,6,22,1763475202.73,1.468,1,1,4,0.132,6.475,0.306,0.327,complete_sequence_rewarded,True,True,True,0.132,0.174,0.022,complete_sequence_rewarded,True,True
AppetitveTaskReal,m97,m97_AppetitiveTone_150,6,6,23,1763475238.669,8.0,0,3,18,NaN,28.754,NaN,NaN,offcue_poke_only,False,False,False,NaN,NaN,NaN,complete_sequence_rewarded,True,True
AppetitveTaskReal,m97,m97_AppetitiveTone_150,6,6,24,1763475293.001,5.686,1,3,8,4.406,14.811,4.557,4.589,complete_sequence_rewarded,True,True,True,4.406,0.151,0.032,offcue_poke_only,False,False
AppetitveTaskReal,m97,m97_AppetitiveTone_150,6,6,25,1763475333.951,6.016,1,9,38,4.689,12.361,4.864,4.9,complete_sequence_rewarded,True,True,True,4.689,0.175,0.035,complete_sequence_rewarded,True,True
AppetitveTaskReal,m97,m97_AppetitiveTone_150,6,6,26,1763475403.702,3.996,1,5,22,2.711,8.98,2.885,2.903,complete_sequence_rewarded,True,True,True,2.711,0.174,0.018,complete_sequence_rewarded,True,True
AppetitveTaskReal,m97,m97_AppetitiveTone_150,6,6,27,1763475461.229,2.007,1,5,22,0.746,7.021,0.888,0.908,complete_sequence_rewarded,True,True,True,0.746,0.142,0.02,complete_sequence_rewarded,True,True
AppetitveTaskReal,m97,m97_AppetitiveTone_150,6,6,28,1763475507.207,8.0,0,0,0,NaN,NaN,NaN,NaN,no_response,False,False,False,NaN,NaN,NaN,complete_sequence_rewarded,True,True
AppetitveTaskReal,m97,m97_AppetitiveTone_150,6,6,29,1763475549.38,8.0,0,5,24,NaN,15.69,NaN,NaN,offcue_poke_only,False,False,False,NaN,NaN,NaN,no_response,False,False
AppetitveTaskReal,m97,m97_AppetitiveTone_150,6,6,30,1763475615.051,7.268,1,1,4,6.022,33.84,6.155,6.177,complete_sequence_rewarded,True,True,True,6.022,0.134,0.022,offcue_poke_only,False,False
AppetitveTaskReal,m97,m97_AppetitiveTone_150,6,6,31,1763475659.466,8.0,0,1,4,NaN,17.106,NaN,NaN,offcue_poke_only,False,False,False,NaN,NaN,NaN,complete_sequence_rewarded,True,True
AppetitveTaskReal,m97,m97_AppetitiveTone_150,6,6,32,1763475694.341,1.84,1,1,4,0.508,8.265,0.684,0.705,complete_sequence_rewarded,True,True,True,0.508,0.176,0.021,offcue_poke_only,False,False
AppetitveTaskReal,m97,m97_AppetitiveTone_150,6,6,33,1763475726.632,8.0,0,1,6,NaN,13.953,NaN,NaN,offcue_poke_only,False,False,False,NaN,NaN,NaN,complete_sequence_rewarded,True,True
AppetitveTaskReal,m97,m97_AppetitiveTone_150,6,6,34,1763475769.169,4.523,1,4,16,3.201,14.077,3.413,3.43,complete_sequence_rewarded,True,True,True,3.201,0.212,0.018,offcue_poke_only,False,False
AppetitveTaskReal,m97,m97_AppetitiveTone_150,6,6,35,1763475823.468,1.648,1,6,26,0.362,3.82,0.539,0.566,complete_sequence_rewarded,True,True,True,0.362,0.177,0.027,complete_sequence_rewarded,True,True
AppetitveTaskReal,m97,m97_AppetitiveTone_150,6,6,36,1763475882.015,1.771,1,11,48,0.444,9.282,0.63,0.651,complete_sequence_rewarded,True,True,True,0.444,0.186,0.021,complete_sequence_rewarded,True,True
AppetitveTaskReal,m97,m97_AppetitiveTone_150,6,6,37,1763475971.784,2.887,1,3,8,1.586,7.629,1.789,1.811,complete_sequence_rewarded,True,True,True,1.586,0.204,0.021,complete_sequence_rewarded,True,True
AppetitveTaskReal,m97,m97_AppetitiveTone_150,6,6,38,1763476007.107,8.0,0,0,0,NaN,NaN,NaN,NaN,no_response,False,False,False,NaN,NaN,NaN,complete_sequence_rewarded,True,True
AppetitveTaskReal,m97,m97_AppetitiveTone_150,6,6,39,1763476041.251,7.853,1,3,12,6.558,15.868,6.715,6.738,complete_sequence_rewarded,True,True,True,6.558,0.157,0.022,no_response,False,False
AppetitveTaskReal,m97,m97_AppetitiveTone_150,6,6,40,1763476099.247,8.0,0,14,54,NaN,24.38,NaN,NaN,offcue_poke_only,False,False,False,NaN,NaN,NaN,complete_sequence_rewarded,True,True
AppetitveTaskReal,m97,m97_AppetitiveTone_150,6,6,41,1763476222.598,2.109,1,7,36,0.806,10.984,0.942,0.964,complete_sequence_rewarded,True,True,True,0.806,0.136,0.023,offcue_poke_only,False,False
AppetitveTaskReal,m97,m97_AppetitiveTone_150,6,6,42,1763476296.115,1.765,1,3,16,0.452,6.163,0.568,0.589,complete_sequence_rewarded,True,True,True,0.452,0.116,0.022,complete_sequence_rewarded,True,True
AppetitveTaskReal,m97,m97_AppetitiveTone_150,6,6,43,1763476348.958,8.0,0,5,14,NaN,20.895,NaN,NaN,offcue_poke_only,False,False,False,NaN,NaN,NaN,complete_sequence_rewarded,True,True
AppetitveTaskReal,m97,m97_AppetitiveTone_150,6,6,44,1763476410.094,1.552,0,5,8,NaN,-0.026,NaN,0.407,offcue_poke_only,False,True,True,NaN,NaN,NaN,offcue_poke_only,False,False
AppetitveTaskReal,m97,m97_AppetitiveTone_150,6,6,45,1763476450.309,8.0,0,1,6,NaN,25.185,NaN,NaN,offcue_poke_only,False,False,False,NaN,NaN,NaN,offcue_poke_only,True,False
AppetitveTaskReal,m97,m97_AppetitiveTone_150,6,6,46,1763476488.267,8.0,0,0,0,NaN,NaN,NaN,NaN,no_response,False,False,False,NaN,NaN,NaN,offcue_poke_only,False,False
AppetitveTaskReal,m97,m97_AppetitiveTone_150,6,6,47,1763476525.432,8.0,0,3,8,NaN,22.825,NaN,NaN,offcue_poke_only,False,False,False,NaN,NaN,NaN,no_response,False,False
AppetitveTaskReal,m97,m97_AppetitiveTone_150,6,6,48,1763476568.681,7.574,1,2,8,6.294,12.946,6.471,6.489,complete_sequence_rewarded,True,True,True,6.294,0.178,0.017,offcue_poke_only,False,False
AppetitveTaskReal,m97,m97_AppetitiveTone_150,6,6,49,1763476614.423,8.0,0,0,0,NaN,NaN,NaN,NaN,no_response,False,False,False,NaN,NaN,NaN,complete_sequence_rewarded,True,True
AppetitveTaskReal,m97,m97_AppetitiveTone_150,6,6,50,1763476652.583,2.717,1,5,22,1.396,11.44,1.577,1.595,complete_sequence_rewarded,True,True,True,1.396,0.181,0.018,no_response,False,False
AppetitveTaskReal,m97,m97_AppetitiveTone_150,6,6,51,1763476705.88,8.0,0,2,8,NaN,24.844,NaN,NaN,offcue_poke_only,False,False,False,NaN,NaN,NaN,complete_sequence_rewarded,True,True
AppetitveTaskReal,m97,m97_AppetitiveTone_150,6,6,52,1763476746.497,5.049,1,7,40,3.742,23.075,3.865,3.887,complete_sequence_rewarded,True,True,True,3.742,0.124,0.022,offcue_poke_only,False,False
AppetitveTaskReal,m97,m97_AppetitiveTone_150,6,6,53,1763476828.76,8.0,0,0,0,NaN,NaN,NaN,NaN,no_response,False,False,False,NaN,NaN,NaN,complete_sequence_rewarded,True,True
AppetitveTaskReal,m97,m97_AppetitiveTone_150,6,6,54,1763476862.938,3.25,1,2,12,1.707,8.197,2.123,2.154,complete_sequence_rewarded,True,True,True,1.707,0.416,0.03,no_response,False,False
AppetitveTaskReal,m97,m97_AppetitiveTone_150,6,6,55,1763476900.026,8.0,0,1,4,NaN,19.133,NaN,NaN,offcue_poke_only,False,False,False,NaN,NaN,NaN,complete_sequence_rewarded,True,True
AppetitveTaskReal,m97,m97_AppetitiveTone_150,6,6,56,1763476940.895,8.0,0,5,38,NaN,15.307,NaN,NaN,offcue_poke_only,False,False,False,NaN,NaN,NaN,offcue_poke_only,False,False
AppetitveTaskReal,m97,m97_AppetitiveTone_150,6,6,57,1763476994.552,8.0,0,2,8,NaN,11.564,NaN,NaN,offcue_poke_only,False,False,False,NaN,NaN,NaN,offcue_poke_only,False,False
AppetitveTaskReal,m97,m97_AppetitiveTone_150,6,6,58,1763477035.538,8.0,0,7,26,NaN,21.894,NaN,NaN,offcue_poke_only,False,False,False,NaN,NaN,NaN,offcue_poke_only,False,False
AppetitveTaskReal,m97,m97_AppetitiveTone_150,6,6,59,1763477115.496,2.052,1,2,12,0.693,14.791,0.894,0.914,complete_sequence_rewarded,True,True,True,0.693,0.202,0.019,offcue_poke_only,False,False
AppetitveTaskReal,m97,m97_AppetitiveTone_150,6,6,60,1763477159.021,8.0,0,0,0,NaN,NaN,NaN,NaN,no_response,False,False,False,NaN,NaN,NaN,complete_sequence_rewarded,True,True
AppetitveTaskReal,m97,m97_AppetitiveTone_150,7,7,1,1763641558.925,8.0,0,0,0,NaN,NaN,NaN,NaN,no_response,False,False,False,NaN,NaN,NaN,,,
AppetitveTaskReal,m97,m97_AppetitiveTone_150,7,7,2,1763641595.089,8.0,0,0,0,NaN,NaN,NaN,NaN,no_response,False,False,False,NaN,NaN,NaN,no_response,False,False
AppetitveTaskReal,m97,m97_AppetitiveTone_150,7,7,3,1763641634.259,8.711,1,0,0,7.474,NaN,7.62,7.645,complete_sequence_rewarded,True,True,True,7.474,0.146,0.025,no_response,False,False
AppetitveTaskReal,m97,m97_AppetitiveTone_150,7,7,4,1763641681.876,1.755,1,2,4,0.417,6.864,0.6,0.623,complete_sequence_rewarded,True,True,True,0.417,0.184,0.023,complete_sequence_rewarded,True,True
AppetitveTaskReal,m97,m97_AppetitiveTone_150,7,7,5,1763641721.305,8.0,0,1,8,NaN,23.412,NaN,NaN,offcue_poke_only,False,False,False,NaN,NaN,NaN,complete_sequence_rewarded,True,True
AppetitveTaskReal,m97,m97_AppetitiveTone_150,7,7,6,1763641758.647,9.038,1,7,26,7.698,11.995,7.878,7.899,complete_sequence_rewarded,True,True,True,7.698,0.18,0.021,offcue_poke_only,False,False
AppetitveTaskReal,m97,m97_AppetitiveTone_150,7,7,7,1763641821.097,8.619,1,3,12,7.346,11.766,7.513,7.534,complete_sequence_rewarded,True,True,True,7.346,0.167,0.021,complete_sequence_rewarded,True,True
AppetitveTaskReal,m97,m97_AppetitiveTone_150,7,7,8,1763641861.152,7.862,1,11,38,6.417,12.145,6.739,6.771,complete_sequence_rewarded,True,True,True,6.417,0.323,0.031,complete_sequence_rewarded,True,True
AppetitveTaskReal,m97,m97_AppetitiveTone_150,7,7,9,1763641945.137,8.0,0,2,10,NaN,9.963,NaN,NaN,offcue_poke_only,False,False,False,NaN,NaN,NaN,complete_sequence_rewarded,True,True
AppetitveTaskReal,m97,m97_AppetitiveTone_150,7,7,10,1763641990.311,3.887,1,0,0,2.608,NaN,2.765,2.79,complete_sequence_rewarded,True,True,True,2.608,0.157,0.026,offcue_poke_only,False,False
AppetitveTaskReal,m97,m97_AppetitiveTone_150,7,7,11,1763642031.1,8.0,0,1,6,NaN,9.458,NaN,NaN,offcue_poke_only,False,False,False,NaN,NaN,NaN,complete_sequence_rewarded,True,True
AppetitveTaskReal,m97,m97_AppetitiveTone_150,7,7,12,1763642075.877,8.0,0,0,0,NaN,NaN,NaN,NaN,no_response,False,False,False,NaN,NaN,NaN,offcue_poke_only,False,False
AppetitveTaskReal,m97,m97_AppetitiveTone_150,7,7,13,1763642109.026,2.984,1,8,34,1.704,7.953,1.834,1.862,complete_sequence_rewarded,True,True,True,1.704,0.13,0.029,no_response,False,False
AppetitveTaskReal,m97,m97_AppetitiveTone_150,7,7,14,1763642161.704,8.0,0,1,2,NaN,14.738,NaN,NaN,offcue_poke_only,False,False,False,NaN,NaN,NaN,complete_sequence_rewarded,True,True
AppetitveTaskReal,m97,m97_AppetitiveTone_150,7,7,15,1763642198.188,1.739,1,10,40,0.323,12.94,0.501,0.544,complete_sequence_rewarded,True,True,True,0.323,0.178,0.043,offcue_poke_only,False,False
AppetitveTaskReal,m97,m97_AppetitiveTone_150,7,7,16,1763642285.308,8.0,0,0,0,NaN,NaN,NaN,NaN,no_response,False,False,False,NaN,NaN,NaN,complete_sequence_rewarded,True,True
AppetitveTaskReal,m97,m97_AppetitiveTone_150,7,7,17,1763642319.484,8.0,0,0,0,NaN,NaN,NaN,NaN,no_response,False,False,False,NaN,NaN,NaN,no_response,False,False
AppetitveTaskReal,m97,m97_AppetitiveTone_150,7,7,18,1763642354.657,8.0,0,5,24,NaN,11.656,NaN,NaN,offcue_poke_only,False,False,False,NaN,NaN,NaN,no_response,False,False
AppetitveTaskReal,m97,m97_AppetitiveTone_150,7,7,19,1763642410.065,8.0,0,5,14,NaN,20.809,NaN,NaN,offcue_poke_only,False,False,False,NaN,NaN,NaN,offcue_poke_only,False,False
AppetitveTaskReal,m97,m97_AppetitiveTone_150,7,7,20,1763642465.477,1.828,1,6,16,0.5,10.074,0.703,0.726,complete_sequence_rewarded,True,True,True,0.5,0.203,0.022,offcue_poke_only,False,False
AppetitveTaskReal,m97,m97_AppetitiveTone_150,7,7,21,1763642527.724,1.963,1,3,12,0.546,5.012,0.785,0.801,complete_sequence_rewarded,True,True,True,0.546,0.239,0.017,complete_sequence_rewarded,True,True
AppetitveTaskReal,m97,m97_AppetitiveTone_150,7,7,22,1763642569.417,8.0,0,1,6,NaN,16.259,NaN,NaN,offcue_poke_only,False,False,False,NaN,NaN,NaN,complete_sequence_rewarded,True,True
AppetitveTaskReal,m97,m97_AppetitiveTone_150,7,7,23,1763642603.128,3.616,1,6,26,2.313,20.649,2.468,2.504,complete_sequence_rewarded,True,True,True,2.313,0.155,0.036,offcue_poke_only,False,False
AppetitveTaskReal,m97,m97_AppetitiveTone_150,7,7,24,1763642686.872,8.0,0,1,4,NaN,11.182,NaN,NaN,offcue_poke_only,False,False,False,NaN,NaN,NaN,complete_sequence_rewarded,True,True
AppetitveTaskReal,m97,m97_AppetitiveTone_150,7,7,25,1763642727.699,5.918,1,2,8,4.493,15.224,4.758,4.782,complete_sequence_rewarded,True,True,True,4.493,0.265,0.024,offcue_poke_only,False,False
AppetitveTaskReal,m97,m97_AppetitiveTone_150,7,7,26,1763642767.13,8.0,0,2,12,NaN,16.041,NaN,NaN,offcue_poke_only,False,False,False,NaN,NaN,NaN,complete_sequence_rewarded,True,True
AppetitveTaskReal,m97,m97_AppetitiveTone_150,7,7,27,1763642810.12,8.0,0,1,4,NaN,23.827,NaN,NaN,offcue_poke_only,False,False,False,NaN,NaN,NaN,offcue_poke_only,False,False
AppetitveTaskReal,m97,m97_AppetitiveTone_150,7,7,28,1763642846.996,8.0,0,2,10,NaN,13.731,NaN,NaN,offcue_poke_only,False,False,False,NaN,NaN,NaN,offcue_poke_only,False,False
AppetitveTaskReal,m97,m97_AppetitiveTone_150,7,7,29,1763642888.343,1.821,1,2,8,0.515,15.165,0.709,0.736,complete_sequence_rewarded,True,True,True,0.515,0.194,0.027,offcue_poke_only,False,False
AppetitveTaskReal,m97,m97_AppetitiveTone_150,7,7,30,1763642930.068,1.914,1,6,24,0.577,12.042,0.773,0.815,complete_sequence_rewarded,True,True,True,0.577,0.196,0.042,complete_sequence_rewarded,True,True
AppetitveTaskReal,m97,m97_AppetitiveTone_150,7,7,31,1763643005.054,8.0,0,0,0,NaN,NaN,NaN,NaN,no_response,False,False,False,NaN,NaN,NaN,complete_sequence_rewarded,True,True
AppetitveTaskReal,m97,m97_AppetitiveTone_150,7,7,32,1763643039.238,8.0,0,0,0,NaN,NaN,NaN,NaN,no_response,False,False,False,NaN,NaN,NaN,no_response,False,False
AppetitveTaskReal,m97,m97_AppetitiveTone_150,7,7,33,1763643072.396,8.0,0,1,0,NaN,23.301,NaN,NaN,offcue_poke_only,False,False,False,NaN,NaN,NaN,no_response,False,False
AppetitveTaskReal,m97,m97_AppetitiveTone_150,7,7,34,1763643119.18,8.0,0,4,10,NaN,13.88,NaN,NaN,offcue_poke_only,False,False,False,NaN,NaN,NaN,offcue_poke_only,False,False
AppetitveTaskReal,m97,m97_AppetitiveTone_150,7,7,35,1763643174.614,8.0,0,1,6,NaN,11.742,NaN,NaN,offcue_poke_only,False,False,False,NaN,NaN,NaN,offcue_poke_only,False,False
AppetitveTaskReal,m97,m97_AppetitiveTone_150,7,7,36,1763643210.441,5.952,1,1,6,4.629,26.433,4.793,4.81,complete_sequence_rewarded,True,True,True,4.629,0.163,0.017,offcue_poke_only,False,False
AppetitveTaskReal,m97,m97_AppetitiveTone_150,7,7,37,1763643247.662,1.819,1,4,18,0.447,2.168,0.648,0.672,complete_sequence_rewarded,True,True,True,0.447,0.201,0.023,complete_sequence_rewarded,True,True
AppetitveTaskReal,m97,m97_AppetitiveTone_150,7,7,38,1763643295.574,1.787,1,2,6,0.456,5.043,0.688,0.705,complete_sequence_rewarded,True,True,True,0.456,0.231,0.017,complete_sequence_rewarded,True,True
AppetitveTaskReal,m97,m97_AppetitiveTone_150,7,7,39,1763643328.497,8.0,0,0,0,NaN,NaN,NaN,NaN,no_response,False,False,False,NaN,NaN,NaN,complete_sequence_rewarded,True,True
AppetitveTaskReal,m97,m97_AppetitiveTone_150,7,7,40,1763643366.687,1.975,1,2,6,0.572,9.286,0.857,0.889,complete_sequence_rewarded,True,True,True,0.572,0.284,0.032,no_response,False,False
AppetitveTaskReal,m97,m97_AppetitiveTone_150,7,7,41,1763643399.476,8.0,0,2,12,NaN,8.489,NaN,NaN,offcue_poke_only,False,False,False,NaN,NaN,NaN,complete_sequence_rewarded,True,True
AppetitveTaskReal,m97,m97_AppetitiveTone_150,7,7,42,1763643443.759,8.0,0,0,0,NaN,NaN,NaN,NaN,no_response,False,False,False,NaN,NaN,NaN,offcue_poke_only,False,False
AppetitveTaskReal,m97,m97_AppetitiveTone_150,7,7,43,1763643479.952,8.0,0,7,26,NaN,8.922,NaN,NaN,offcue_poke_only,False,False,False,NaN,NaN,NaN,no_response,False,False
AppetitveTaskReal,m97,m97_AppetitiveTone_150,7,7,44,1763643560.346,1.683,1,4,20,0.404,10.043,0.59,0.611,complete_sequence_rewarded,True,True,True,0.404,0.186,0.021,offcue_poke_only,False,False
AppetitveTaskReal,m97,m97_AppetitiveTone_150,7,7,45,1763643605.464,8.0,0,1,8,NaN,15.217,NaN,NaN,offcue_poke_only,False,False,False,NaN,NaN,NaN,complete_sequence_rewarded,True,True
AppetitveTaskReal,m97,m97_AppetitiveTone_150,7,7,46,1763643639.45,8.0,0,1,6,NaN,24.189,NaN,NaN,offcue_poke_only,False,False,False,NaN,NaN,NaN,offcue_poke_only,False,False
AppetitveTaskReal,m97,m97_AppetitiveTone_150,7,7,47,1763643674.355,8.0,0,1,4,NaN,39.134,NaN,NaN,offcue_poke_only,False,False,False,NaN,NaN,NaN,offcue_poke_only,False,False
AppetitveTaskReal,m97,m97_AppetitiveTone_150,7,7,48,1763643725.552,1.784,1,11,28,0.511,10.761,0.649,0.673,complete_sequence_rewarded,True,True,True,0.511,0.139,0.024,offcue_poke_only,False,False
AppetitveTaskReal,m97,m97_AppetitiveTone_150,7,7,49,1763643809.02,1.562,1,6,4,0.335,6.809,0.482,0.501,complete_sequence_rewarded,True,True,True,0.335,0.147,0.019,complete_sequence_rewarded,True,True
AppetitveTaskReal,m97,m97_AppetitiveTone_150,7,7,50,1763643869.531,5.735,1,4,20,4.449,14.265,4.574,4.597,complete_sequence_rewarded,True,True,True,4.449,0.125,0.023,complete_sequence_rewarded,True,True
AppetitveTaskReal,m97,m97_AppetitiveTone_150,7,7,51,1763643925.927,5.172,1,1,2,3.777,15.007,4.011,4.033,complete_sequence_rewarded,True,True,True,3.777,0.235,0.022,complete_sequence_rewarded,True,True
AppetitveTaskReal,m97,m97_AppetitiveTone_150,7,7,52,1763643962.794,9.082,1,9,30,7.518,16.803,7.979,7.998,complete_sequence_rewarded,True,True,True,7.518,0.461,0.018,complete_sequence_rewarded,True,True
AppetitveTaskReal,m97,m97_AppetitiveTone_150,7,7,53,1763644053.108,8.0,0,0,0,NaN,NaN,NaN,NaN,no_response,False,False,False,NaN,NaN,NaN,complete_sequence_rewarded,True,True
AppetitveTaskReal,m97,m97_AppetitiveTone_150,7,7,54,1763644088.378,8.0,0,1,0,NaN,29.1,NaN,NaN,offcue_poke_only,False,False,False,NaN,NaN,NaN,no_response,False,False
AppetitveTaskReal,m97,m97_AppetitiveTone_150,7,7,55,1763644132.425,8.0,0,6,10,NaN,13.102,NaN,NaN,offcue_poke_only,False,False,False,NaN,NaN,NaN,offcue_poke_only,False,False
AppetitveTaskReal,m97,m97_AppetitiveTone_150,7,7,56,1763644206.645,2.156,1,2,6,0.764,14.363,1.05,1.075,complete_sequence_rewarded,True,True,True,0.764,0.286,0.025,offcue_poke_only,False,False
AppetitveTaskReal,m97,m97_AppetitiveTone_150,7,7,57,1763644248.732,2.4,1,3,16,0.66,7.978,1.246,1.285,complete_sequence_rewarded,True,True,True,0.66,0.586,0.039,complete_sequence_rewarded,True,True
AppetitveTaskReal,m97,m97_AppetitiveTone_150,7,7,58,1763644287.067,1.835,1,2,8,0.463,9.78,0.656,0.68,complete_sequence_rewarded,True,True,True,0.463,0.194,0.024,complete_sequence_rewarded,True,True
AppetitveTaskReal,m97,m97_AppetitiveTone_150,7,7,59,1763644324.645,2.11,1,0,0,0.787,NaN,0.996,1.034,complete_sequence_rewarded,True,True,True,0.787,0.21,0.038,complete_sequence_rewarded,True,True
AppetitveTaskReal,m97,m97_AppetitiveTone_150,7,7,60,1763644356.585,8.0,0,0,0,NaN,NaN,NaN,NaN,no_response,False,False,False,NaN,NaN,NaN,complete_sequence_rewarded,True,True
AppetitveTaskReal,m97,m97_AppetitiveTone_150,8,8,1,1763977842.489,8.894,1,1,6,7.594,27.045,7.759,7.782,complete_sequence_rewarded,True,True,True,7.594,0.165,0.023,,,
AppetitveTaskReal,m97,m97_AppetitiveTone_150,8,8,2,1763977884.344,8.0,0,1,6,NaN,22.6,NaN,NaN,offcue_poke_only,False,False,False,NaN,NaN,NaN,complete_sequence_rewarded,True,True
AppetitveTaskReal,m97,m97_AppetitiveTone_150,8,8,3,1763977923.091,8.0,0,0,0,NaN,NaN,NaN,NaN,no_response,False,False,False,NaN,NaN,NaN,offcue_poke_only,False,False
AppetitveTaskReal,m97,m97_AppetitiveTone_150,8,8,4,1763977958.229,8.0,0,1,4,NaN,19.836,NaN,NaN,offcue_poke_only,False,False,False,NaN,NaN,NaN,no_response,False,False
AppetitveTaskReal,m97,m97_AppetitiveTone_150,8,8,5,1763977993.179,8.0,0,0,0,NaN,NaN,NaN,NaN,no_response,False,False,False,NaN,NaN,NaN,offcue_poke_only,False,False
AppetitveTaskReal,m97,m97_AppetitiveTone_150,8,8,6,1763978027.361,8.074,1,3,14,6.404,10.727,6.919,6.949,complete_sequence_rewarded,True,True,True,6.404,0.515,0.03,no_response,False,False
AppetitveTaskReal,m97,m97_AppetitiveTone_150,8,8,7,1763978070.578,8.0,0,2,10,NaN,14.545,NaN,NaN,offcue_poke_only,False,False,False,NaN,NaN,NaN,complete_sequence_rewarded,True,True
AppetitveTaskReal,m97,m97_AppetitiveTone_150,8,8,8,1763978111.718,5.589,1,2,6,4.294,11.678,4.458,4.474,complete_sequence_rewarded,True,True,True,4.294,0.163,0.017,offcue_poke_only,False,False
AppetitveTaskReal,m97,m97_AppetitiveTone_150,8,8,9,1763978154.278,4.228,1,5,12,2.969,21.654,3.138,3.154,complete_sequence_rewarded,True,True,True,2.969,0.168,0.016,complete_sequence_rewarded,True,True
AppetitveTaskReal,m97,m97_AppetitiveTone_150,8,8,10,1763978204.081,7.56,1,3,18,6.205,9.458,6.396,6.412,complete_sequence_rewarded,True,True,True,6.205,0.191,0.016,complete_sequence_rewarded,True,True
AppetitveTaskReal,m97,m97_AppetitiveTone_150,8,8,11,1763978250.627,3.797,1,5,31,2.267,17.114,2.631,2.655,complete_sequence_rewarded,True,True,True,2.267,0.364,0.024,complete_sequence_rewarded,True,True
AppetitveTaskReal,m97,m97_AppetitiveTone_150,8,8,12,1763978306.665,7.344,1,9,32,5.844,7.752,6.164,6.189,complete_sequence_rewarded,True,True,True,5.844,0.319,0.026,complete_sequence_rewarded,True,True
AppetitveTaskReal,m97,m97_AppetitiveTone_150,8,8,13,1763978375.343,5.589,1,7,28,4.089,6.978,4.396,4.417,complete_sequence_rewarded,True,True,True,4.089,0.307,0.021,complete_sequence_rewarded,True,True
AppetitveTaskReal,m97,m97_AppetitiveTone_150,8,8,14,1763978443.44,8.0,0,5,24,NaN,12.54,NaN,NaN,offcue_poke_only,False,False,False,NaN,NaN,NaN,complete_sequence_rewarded,True,True
AppetitveTaskReal,m97,m97_AppetitiveTone_150,8,8,15,1763978503.944,1.681,1,3,22,0.385,12.267,0.54,0.561,complete_sequence_rewarded,True,True,True,0.385,0.154,0.021,offcue_poke_only,False,False
AppetitveTaskReal,m97,m97_AppetitiveTone_150,8,8,16,1763978550.653,5.398,1,5,20,4.052,9.736,4.27,NaN,cue_poke_lick_no_reward,True,True,False,4.052,0.218,NaN,complete_sequence_rewarded,True,True
AppetitveTaskReal,m97,m97_AppetitiveTone_150,8,8,17,1763978602.235,8.0,0,1,4,NaN,26.796,NaN,NaN,offcue_poke_only,False,False,False,NaN,NaN,NaN,cue_poke_lick_no_reward,False,True
AppetitveTaskReal,m97,m97_AppetitiveTone_150,8,8,18,1763978640.838,1.633,1,2,16,0.327,4.787,0.522,0.55,complete_sequence_rewarded,True,True,True,0.327,0.195,0.028,offcue_poke_only,False,False
AppetitveTaskReal,m97,m97_AppetitiveTone_150,8,8,19,1763978679.278,8.0,0,2,16,NaN,22.854,NaN,NaN,offcue_poke_only,False,False,False,NaN,NaN,NaN,complete_sequence_rewarded,True,True
AppetitveTaskReal,m97,m97_AppetitiveTone_150,8,8,20,1763978728.387,6.098,1,1,6,4.777,17.09,4.946,4.969,complete_sequence_rewarded,True,True,True,4.777,0.17,0.023,offcue_poke_only,False,False
AppetitveTaskReal,m97,m97_AppetitiveTone_150,8,8,21,1763978766.866,6.392,1,0,0,5.07,NaN,5.269,5.287,complete_sequence_rewarded,True,True,True,5.07,0.2,0.018,complete_sequence_rewarded,True,True
AppetitveTaskReal,m97,m97_AppetitiveTone_150,8,8,22,1763978811.091,8.0,0,8,42,NaN,8.518,NaN,NaN,offcue_poke_only,False,False,False,NaN,NaN,NaN,complete_sequence_rewarded,True,True
AppetitveTaskReal,m97,m97_AppetitiveTone_150,8,8,23,1763978883.995,8.0,0,3,12,NaN,15.723,NaN,NaN,offcue_poke_only,False,False,False,NaN,NaN,NaN,offcue_poke_only,False,False
AppetitveTaskReal,m97,m97_AppetitiveTone_150,8,8,24,1763978929.716,6.023,1,3,12,4.653,10.741,4.855,4.884,complete_sequence_rewarded,True,True,True,4.653,0.202,0.03,offcue_poke_only,False,False
AppetitveTaskReal,m97,m97_AppetitiveTone_150,8,8,25,1763978973.47,8.0,0,2,12,NaN,18.831,NaN,NaN,offcue_poke_only,False,False,False,NaN,NaN,NaN,complete_sequence_rewarded,True,True
AppetitveTaskReal,m97,m97_AppetitiveTone_150,8,8,26,1763979011.889,3.267,1,8,22,1.965,9.981,2.121,2.139,complete_sequence_rewarded,True,True,True,1.965,0.156,0.018,offcue_poke_only,False,False
AppetitveTaskReal,m97,m97_AppetitiveTone_150,8,8,27,1763979080.572,2.251,1,2,16,0.913,17.094,1.067,1.099,complete_sequence_rewarded,True,True,True,0.913,0.154,0.032,complete_sequence_rewarded,True,True
AppetitveTaskReal,m97,m97_AppetitiveTone_150,8,8,28,1763979123.98,2.87,1,4,16,1.494,8.791,1.71,1.731,complete_sequence_rewarded,True,True,True,1.494,0.215,0.021,complete_sequence_rewarded,True,True
AppetitveTaskReal,m97,m97_AppetitiveTone_150,8,8,29,1763979167.542,6.156,1,7,32,4.49,9.58,5.008,5.032,complete_sequence_rewarded,True,True,True,4.49,0.519,0.023,complete_sequence_rewarded,True,True
AppetitveTaskReal,m97,m97_AppetitiveTone_150,8,8,30,1763979232.125,7.446,1,11,40,6.13,13.545,6.274,6.306,complete_sequence_rewarded,True,True,True,6.13,0.144,0.032,complete_sequence_rewarded,True,True
AppetitveTaskReal,m97,m97_AppetitiveTone_150,8,8,31,1763979312.076,1.833,1,4,14,0.538,14.651,0.712,0.729,complete_sequence_rewarded,True,True,True,0.538,0.174,0.018,complete_sequence_rewarded,True,True
AppetitveTaskReal,m97,m97_AppetitiveTone_150,8,8,32,1763979355.93,5.772,1,8,38,4.457,11.301,4.608,4.63,complete_sequence_rewarded,True,True,True,4.457,0.15,0.022,complete_sequence_rewarded,True,True
AppetitveTaskReal,m97,m97_AppetitiveTone_150,8,8,33,1763979427.523,1.971,1,2,13,0.546,6.857,0.836,0.855,complete_sequence_rewarded,True,True,True,0.546,0.29,0.018,complete_sequence_rewarded,True,True
AppetitveTaskReal,m97,m97_AppetitiveTone_150,8,8,34,1763979466.47,1.709,1,3,10,0.421,8.954,0.569,0.59,complete_sequence_rewarded,True,True,True,0.421,0.148,0.021,complete_sequence_rewarded,True,True
AppetitveTaskReal,m97,m97_AppetitiveTone_150,8,8,35,1763979509.708,1.913,1,4,18,0.637,12.254,0.781,0.792,complete_sequence_rewarded,True,True,True,0.637,0.144,0.011,complete_sequence_rewarded,True,True
AppetitveTaskReal,m97,m97_AppetitiveTone_150,8,8,36,1763979560.093,3.763,1,4,16,2.441,4.451,2.626,NaN,cue_poke_lick_no_reward,True,True,False,2.441,0.184,NaN,complete_sequence_rewarded,True,True
AppetitveTaskReal,m97,m97_AppetitiveTone_150,8,8,37,1763979612.761,1.759,1,5,16,0.337,3.475,0.577,NaN,cue_poke_lick_no_reward,True,True,False,0.337,0.24,NaN,cue_poke_lick_no_reward,False,True
AppetitveTaskReal,m97,m97_AppetitiveTone_150,8,8,38,1763979663.068,8.0,0,1,8,NaN,28.506,NaN,NaN,offcue_poke_only,False,False,False,NaN,NaN,NaN,cue_poke_lick_no_reward,False,True
AppetitveTaskReal,m97,m97_AppetitiveTone_150,8,8,39,1763979710.083,8.0,0,0,0,NaN,NaN,NaN,NaN,no_response,False,False,False,NaN,NaN,NaN,offcue_poke_only,False,False
AppetitveTaskReal,m97,m97_AppetitiveTone_150,8,8,40,1763979745.257,8.0,0,3,2,NaN,32.239,NaN,NaN,offcue_poke_only,False,False,False,NaN,NaN,NaN,no_response,False,False
AppetitveTaskReal,m97,m97_AppetitiveTone_150,8,8,41,1763979794.294,1.671,1,6,26,0.401,14.135,0.565,0.587,complete_sequence_rewarded,True,True,True,0.401,0.164,0.022,offcue_poke_only,False,False
AppetitveTaskReal,m97,m97_AppetitiveTone_150,8,8,42,1763979857.903,6.305,1,5,18,4.941,15.231,5.118,5.14,complete_sequence_rewarded,True,True,True,4.941,0.177,0.022,complete_sequence_rewarded,True,True
AppetitveTaskReal,m97,m97_AppetitiveTone_150,8,8,43,1763979916.048,8.0,0,4,18,NaN,14.198,NaN,NaN,offcue_poke_only,False,False,False,NaN,NaN,NaN,complete_sequence_rewarded,True,True
AppetitveTaskReal,m97,m97_AppetitiveTone_150,8,8,44,1763979960.354,8.0,0,1,6,NaN,18.747,NaN,NaN,offcue_poke_only,False,False,False,NaN,NaN,NaN,offcue_poke_only,False,False
AppetitveTaskReal,m97,m97_AppetitiveTone_150,8,8,45,1763980008.352,8.0,0,0,0,NaN,NaN,NaN,NaN,no_response,False,False,False,NaN,NaN,NaN,offcue_poke_only,False,False
AppetitveTaskReal,m97,m97_AppetitiveTone_150,8,8,46,1763980042.529,3.133,1,3,10,1.864,8.622,2.038,2.066,complete_sequence_rewarded,True,True,True,1.864,0.173,0.028,no_response,False,False
AppetitveTaskReal,m97,m97_AppetitiveTone_150,8,8,47,1763980091.095,4.443,1,4,14,3.066,7.408,3.252,3.268,complete_sequence_rewarded,True,True,True,3.066,0.186,0.016,complete_sequence_rewarded,True,True
AppetitveTaskReal,m97,m97_AppetitiveTone_150,8,8,48,1763980127.045,5.107,1,1,2,3.816,20.723,3.96,3.988,complete_sequence_rewarded,True,True,True,3.816,0.144,0.028,complete_sequence_rewarded,True,True
AppetitveTaskReal,m97,m97_AppetitiveTone_150,8,8,49,1763980167.589,8.0,0,1,2,NaN,16.515,NaN,NaN,offcue_poke_only,False,False,False,NaN,NaN,NaN,complete_sequence_rewarded,True,True
AppetitveTaskReal,m97,m97_AppetitiveTone_150,8,8,50,1763980205.361,8.0,0,1,4,NaN,17.661,NaN,NaN,offcue_poke_only,False,False,False,NaN,NaN,NaN,offcue_poke_only,False,False
AppetitveTaskReal,m97,m97_AppetitiveTone_150,8,8,51,1763980240.131,5.11,1,7,26,3.824,8.904,3.998,4.017,complete_sequence_rewarded,True,True,True,3.824,0.174,0.019,offcue_poke_only,False,False
AppetitveTaskReal,m97,m97_AppetitiveTone_150,8,8,52,1763980305.419,8.0,0,4,10,NaN,15.652,NaN,NaN,offcue_poke_only,False,False,False,NaN,NaN,NaN,complete_sequence_rewarded,True,True
AppetitveTaskReal,m97,m97_AppetitiveTone_150,8,8,53,1763980355.101,1.722,1,3,8,0.456,9.111,0.61,0.634,complete_sequence_rewarded,True,True,True,0.456,0.154,0.024,offcue_poke_only,False,False
AppetitveTaskReal,m97,m97_AppetitiveTone_150,8,8,54,1763980396.805,8.0,0,8,48,NaN,8.608,NaN,NaN,offcue_poke_only,False,False,False,NaN,NaN,NaN,complete_sequence_rewarded,True,True
AppetitveTaskReal,m97,m97_AppetitiveTone_150,8,8,55,1763980486.342,3.681,1,2,6,2.405,24.157,2.553,2.576,complete_sequence_rewarded,True,True,True,2.405,0.148,0.023,offcue_poke_only,False,False
AppetitveTaskReal,m97,m97_AppetitiveTone_150,8,8,56,1763980528.266,8.0,0,2,10,NaN,22.43,NaN,NaN,offcue_poke_only,False,False,False,NaN,NaN,NaN,complete_sequence_rewarded,True,True
AppetitveTaskReal,m97,m97_AppetitiveTone_150,8,8,57,1763980570.197,1.735,1,7,44,0.458,5.997,0.597,0.621,complete_sequence_rewarded,True,True,True,0.458,0.139,0.024,offcue_poke_only,False,False
AppetitveTaskReal,m97,m97_AppetitiveTone_150,8,8,58,1763980636.136,1.774,1,0,2,0.313,NaN,0.621,0.647,complete_sequence_rewarded,True,True,True,0.313,0.308,0.027,complete_sequence_rewarded,True,True
AppetitveTaskReal,m97,m97_AppetitiveTone_150,8,8,59,1763980674.609,8.0,0,7,38,NaN,9.76,NaN,NaN,offcue_poke_only,False,False,False,NaN,NaN,NaN,complete_sequence_rewarded,True,True
AppetitveTaskReal,m97,m97_AppetitiveTone_150,8,8,60,1763980744.747,8.0,0,0,0,NaN,NaN,NaN,NaN,no_response,False,False,False,NaN,NaN,NaN,offcue_poke_only,False,False
