mouse,session,session_date,total_trials,participated_trials,participation_rate,hits,misses,no_responses,hit_rate,miss_rate,false_alarm_rate,correct_rejection_rate,reward_rate,punishment_rate,n_false_alarms_total,mean_latency,median_latency,mean_activity_level,performance_score,crossed_criterion
m100,1,2025-11-10,61,15,24.59016393442623,6,9,46,9.836065573770492,14.754098360655737,62.295081967213115,37.704918032786885,9.836065573770492,62.295081967213115,156,3.810120709737142,3.691141128540039,9.21311475409836,40.0,False
m100,2,2025-11-11,61,16,26.229508196721312,16,0,45,26.229508196721312,0.0,57.377049180327866,42.622950819672134,26.229508196721312,57.377049180327866,96,3.5704871863126755,3.5689815282821655,12.573770491803279,100.0,True
m100,3,2025-11-12,61,19,31.147540983606557,16,3,42,26.229508196721312,4.918032786885246,60.65573770491803,39.34426229508197,26.229508196721312,60.65573770491803,141,3.302147576683446,2.9130451679229736,19.049180327868854,84.21052631578948,True
m100,4,2025-11-13,61,22,36.0655737704918,20,2,39,32.78688524590164,3.278688524590164,85.24590163934427,14.754098360655737,32.78688524590164,85.24590163934427,165,2.9940683516589077,2.3379870653152466,24.327868852459016,90.9090909090909,True
m100,5,2025-11-17,61,10,16.39344262295082,8,2,51,13.114754098360656,3.278688524590164,40.98360655737705,59.01639344262295,13.114754098360656,40.98360655737705,61,3.3071570873260496,3.2547444105148315,6.704918032786885,80.0,True
m100,6,2025-11-19,61,25,40.98360655737705,23,2,36,37.704918032786885,3.278688524590164,68.85245901639344,31.147540983606557,37.704918032786885,68.85245901639344,161,3.551588230133057,2.9265589714050293,19.737704918032787,92.0,True
m100,7,2025-11-23,62,25,40.32258064516129,22,3,37,35.483870967741936,4.838709677419355,77.41935483870968,22.580645161290324,35.483870967741936,77.41935483870968,157,3.6101218163967133,2.8131814002990723,15.258064516129032,88.0,True
m100,8,2025-11-25,61,23,37.704918032786885,17,6,38,27.868852459016395,9.836065573770492,54.09836065573771,45.90163934426229,27.868852459016395,54.09836065573771,82,3.2539458171181055,2.6595699787139893,6.360655737704918,73.91304347826087,True
m100,9,2025-12-01,61,22,36.0655737704918,5,17,39,8.19672131147541,27.868852459016395,45.90163934426229,54.09836065573771,8.19672131147541,45.90163934426229,58,4.31632679158991,4.629369497299194,2.6065573770491803,22.727272727272727,False
m100,10,2025-12-03,61,36,59.01639344262295,30,6,25,49.18032786885246,9.836065573770492,85.24590163934427,14.754098360655737,49.18032786885246,85.24590163934427,228,3.675344321462843,3.652524948120117,29.34426229508197,83.33333333333333,True
m100,11,2025-12-08,61,18,29.508196721311474,14,4,43,22.950819672131146,6.557377049180328,52.459016393442624,47.540983606557376,22.950819672131146,52.459016393442624,87,3.3411572774251304,3.2409260272979736,9.98360655737705,77.77777777777777,True
m100,12,2025-12-15,61,30,49.18032786885246,17,13,31,27.868852459016395,21.311475409836067,85.24590163934427,14.754098360655737,27.868852459016395,85.24590163934427,252,2.8318475246429444,2.403899073600769,21.229508196721312,56.666666666666664,False
m101,1,2025-11-10,60,14,23.333333333333332,3,11,46,5.0,18.333333333333332,75.0,25.0,5.0,75.0,108,2.6329138449260165,2.464572548866272,5.016666666666667,21.428571428571427,False
m101,2,2025-11-12,61,16,26.229508196721312,1,15,45,1.639344262295082,24.59016393442623,49.18032786885246,50.81967213114754,1.639344262295082,49.18032786885246,65,3.4621139615774155,2.482035994529724,3.0491803278688523,6.25,False
m101,3,2025-11-13,61,10,16.39344262295082,0,10,51,0.0,16.39344262295082,39.34426229508197,60.65573770491803,0.0,39.34426229508197,42,3.051170325279236,2.981616497039795,1.9344262295081966,0.0,False
m101,4,2025-11-16,61,9,14.754098360655737,2,7,52,3.278688524590164,11.475409836065573,45.90163934426229,54.09836065573771,3.278688524590164,45.90163934426229,81,2.606535699632433,1.656952142715454,4.721311475409836,22.22222222222222,False
m101,5,2025-11-18,61,9,14.754098360655737,7,2,52,11.475409836065573,3.278688524590164,37.704918032786885,62.295081967213115,11.475409836065573,37.704918032786885,47,3.752406226264106,5.153259038925171,6.950819672131147,77.77777777777777,True
m101,6,2025-11-19,61,8,13.114754098360656,5,3,53,8.19672131147541,4.918032786885246,26.229508196721312,73.77049180327869,8.19672131147541,26.229508196721312,27,5.692468672990799,7.089912056922913,2.5245901639344264,62.5,False
m101,7,2025-11-23,62,6,9.67741935483871,5,1,56,8.064516129032258,1.6129032258064515,30.64516129032258,69.35483870967742,8.064516129032258,30.64516129032258,42,2.830866003036499,2.4249579906463623,5.741935483870968,83.33333333333333,False
m101,8,2025-11-25,61,9,14.754098360655737,4,5,52,6.557377049180328,8.19672131147541,36.0655737704918,63.9344262295082,6.557377049180328,36.0655737704918,56,4.638785441716512,5.2957539558410645,4.377049180327869,44.44444444444444,False
m101,9,2025-12-02,61,13,21.311475409836067,8,5,48,13.114754098360656,8.19672131147541,39.34426229508197,60.65573770491803,13.114754098360656,39.34426229508197,64,3.614183389223539,4.156930923461914,7.918032786885246,61.53846153846154,False
m101,10,2025-12-03,61,9,14.754098360655737,4,5,52,6.557377049180328,8.19672131147541,50.81967213114754,49.18032786885246,6.557377049180328,50.81967213114754,61,3.330789645512899,2.555180072784424,5.704918032786885,44.44444444444444,False
m101,11,2025-12-08,60,6,10.0,2,4,54,3.3333333333333335,6.666666666666667,45.0,55.0,3.3333333333333335,45.0,61,2.1756433645884194,1.7743935585021973,4.016666666666667,33.333333333333336,False
m101,12,2025-12-15,61,20,32.78688524590164,18,2,41,29.508196721311474,3.278688524590164,65.57377049180327,34.42622950819672,29.508196721311474,65.57377049180327,146,3.9553728342056274,3.8680399656295776,14.344262295081966,90.0,True
m102,1,2025-11-10,61,24,39.34426229508197,21,3,37,34.42622950819672,4.918032786885246,81.9672131147541,18.0327868852459,34.42622950819672,81.9672131147541,269,3.3009787599245706,2.980920433998108,26.770491803278688,87.5,True
m102,2,2025-11-12,61,25,40.98360655737705,24,1,36,39.34426229508197,1.639344262295082,80.32786885245902,19.672131147540984,39.34426229508197,80.32786885245902,248,3.211630592346191,2.1206040382385254,31.327868852459016,96.0,True
m102,3,2025-11-13,61,13,21.311475409836067,13,0,48,21.311475409836067,0.0,60.65573770491803,39.34426229508197,21.311475409836067,60.65573770491803,168,2.8259934095235972,2.248721122741699,18.0327868852459,100.0,True
m102,4,2025-11-17,61,20,32.78688524590164,20,0,41,32.78688524590164,0.0,68.85245901639344,31.147540983606557,32.78688524590164,68.85245901639344,219,2.4895374059677122,2.237419009208679,21.491803278688526,100.0,True
m102,5,2025-11-19,61,20,32.78688524590164,20,0,41,32.78688524590164,0.0,55.73770491803279,44.26229508196721,32.78688524590164,55.73770491803279,129,2.9132339477539064,2.28257954120636,17.16393442622951,100.0,True
m102,6,2025-11-23,61,25,40.98360655737705,22,3,36,36.0655737704918,4.918032786885246,72.1311475409836,27.868852459016395,36.0655737704918,72.1311475409836,164,3.4546015644073487,2.6740469932556152,19.229508196721312,88.0,True
m102,7,2025-11-25,61,26,42.622950819672134,25,1,35,40.98360655737705,1.639344262295082,62.295081967213115,37.704918032786885,40.98360655737705,62.295081967213115,141,2.8409299850463867,2.1542330980300903,13.80327868852459,96.15384615384616,True
m102,8,2025-12-02,61,18,29.508196721311474,14,4,43,22.950819672131146,6.557377049180328,54.09836065573771,45.90163934426229,22.950819672131146,54.09836065573771,108,3.4083960718578763,3.290723443031311,12.78688524590164,77.77777777777777,True
m102,9,2025-12-03,61,35,57.377049180327866,31,4,26,50.81967213114754,6.557377049180328,78.68852459016394,21.311475409836067,50.81967213114754,78.68852459016394,323,2.3700464044298446,1.5621709823608398,25.508196721311474,88.57142857142857,True
m102,10,2025-12-08,61,23,37.704918032786885,19,4,38,31.147540983606557,6.557377049180328,65.57377049180327,34.42622950819672,31.147540983606557,65.57377049180327,221,2.0975890366927437,1.1440629959106445,18.62295081967213,82.6086956521739,True
m102,11,2025-12-17,61,32,52.459016393442624,20,12,29,32.78688524590164,19.672131147540984,80.32786885245902,19.672131147540984,32.78688524590164,80.32786885245902,373,2.0938175916671753,1.4485445022583008,20.442622950819672,62.5,False
m103,1,2025-11-10,61,16,26.229508196721312,11,5,45,18.0327868852459,8.19672131147541,59.01639344262295,40.98360655737705,18.0327868852459,59.01639344262295,118,3.406269758939743,2.8775854110717773,13.819672131147541,68.75,False
m103,2,2025-11-12,61,16,26.229508196721312,13,3,45,21.311475409836067,4.918032786885246,63.9344262295082,36.0655737704918,21.311475409836067,63.9344262295082,119,2.3967344164848328,2.4263709783554077,16.295081967213115,81.25,True
m103,3,2025-11-13,61,16,26.229508196721312,14,2,45,22.950819672131146,3.278688524590164,77.04918032786885,22.950819672131146,22.950819672131146,77.04918032786885,129,3.121552884578705,2.6578094959259033,20.442622950819672,87.5,True
m103,4,2025-11-16,61,18,29.508196721311474,12,6,43,19.672131147540984,9.836065573770492,70.49180327868852,29.508196721311474,19.672131147540984,70.49180327868852,112,4.9636564122305975,4.960350513458252,9.19672131147541,66.66666666666667,False
m103,5,2025-11-18,61,21,34.42622950819672,19,2,40,31.147540983606557,3.278688524590164,65.57377049180327,34.42622950819672,31.147540983606557,65.57377049180327,104,3.3375797271728516,2.85516095161438,20.524590163934427,90.47619047619048,True
m103,6,2025-11-19,61,10,16.39344262295082,9,1,51,14.754098360655737,1.639344262295082,49.18032786885246,50.81967213114754,14.754098360655737,49.18032786885246,61,2.5529131174087523,1.860032081604004,9.163934426229508,90.0,True
m103,7,2025-11-23,61,19,31.147540983606557,7,12,42,11.475409836065573,19.672131147540984,60.65573770491803,39.34426229508197,11.475409836065573,60.65573770491803,85,3.8321823320890727,3.424520969390869,7.311475409836065,36.8421052631579,False
m103,8,2025-11-25,61,11,18.0327868852459,8,3,50,13.114754098360656,4.918032786885246,54.09836065573771,45.90163934426229,13.114754098360656,54.09836065573771,74,3.263899651440707,3.6610910892486572,8.163934426229508,72.72727272727273,True
m103,9,2025-12-02,61,14,22.950819672131146,11,3,47,18.0327868852459,4.918032786885246,40.98360655737705,59.01639344262295,18.0327868852459,40.98360655737705,55,3.548973185675485,3.2264150381088257,8.704918032786885,78.57142857142857,True
m103,10,2025-12-07,61,9,14.754098360655737,8,1,52,13.114754098360656,1.639344262295082,45.90163934426229,54.09836065573771,13.114754098360656,45.90163934426229,57,3.3926850159962973,3.833134174346924,4.836065573770492,88.88888888888889,True
m103,11,2025-12-09,61,9,14.754098360655737,4,5,52,6.557377049180328,8.19672131147541,36.0655737704918,63.9344262295082,6.557377049180328,36.0655737704918,42,2.8184020254347057,2.309509038925171,3.360655737704918,44.44444444444444,False
m103,12,2025-12-16,61,27,44.26229508196721,22,5,34,36.0655737704918,8.19672131147541,78.68852459016394,21.311475409836067,36.0655737704918,78.68852459016394,175,4.2166004534120916,4.575076103210449,22.80327868852459,81.48148148148148,True
m104,1,2025-11-09,60,5,8.333333333333334,2,3,55,3.3333333333333335,5.0,23.333333333333332,76.66666666666667,3.3333333333333335,23.333333333333332,46,2.8279227733612062,1.6741108894348145,9.3,40.0,False
m104,2,2025-11-10,60,20,33.333333333333336,16,4,40,26.666666666666668,6.666666666666667,61.666666666666664,38.333333333333336,26.666666666666668,61.666666666666664,127,4.211794269084931,3.559669017791748,16.3,80.0,True
m104,3,2025-11-16,60,13,21.666666666666668,9,4,47,15.0,6.666666666666667,66.66666666666667,33.333333333333336,15.0,66.66666666666667,107,4.6064851467426005,5.620152950286865,7.266666666666667,69.23076923076923,False
m104,4,2025-11-18,60,14,23.333333333333332,11,3,46,18.333333333333332,5.0,51.666666666666664,48.333333333333336,18.333333333333332,51.666666666666664,136,4.338118757520403,4.204527854919434,12.683333333333334,78.57142857142857,True
m104,5,2025-11-19,60,13,21.666666666666668,12,1,47,20.0,1.6666666666666667,53.333333333333336,46.666666666666664,20.0,53.333333333333336,85,4.008837838967641,4.950786471366882,12.516666666666667,92.3076923076923,True
m104,6,2025-11-23,60,7,11.666666666666666,3,4,53,5.0,6.666666666666667,55.0,45.0,5.0,55.0,92,4.579692159380231,5.350611925125122,5.933333333333334,42.857142857142854,False
m104,7,2025-11-25,60,11,18.333333333333332,9,2,49,15.0,3.3333333333333335,53.333333333333336,46.666666666666664,15.0,53.333333333333336,93,4.365288691087202,4.707608938217163,7.55,81.81818181818181,True
m104,8,2025-12-02,60,8,13.333333333333334,5,3,52,8.333333333333334,5.0,60.0,40.0,8.333333333333334,60.0,100,3.9595802426338196,3.6659926176071167,8.066666666666666,62.5,False
m104,9,2025-12-07,60,15,25.0,3,12,45,5.0,20.0,63.333333333333336,36.666666666666664,5.0,63.333333333333336,100,4.237428983052571,4.345736026763916,5.45,20.0,False
m104,10,2025-12-09,60,20,33.333333333333336,13,7,40,21.666666666666668,11.666666666666666,61.666666666666664,38.333333333333336,21.666666666666668,61.666666666666664,90,4.135779166221619,4.185407638549805,9.483333333333333,65.0,False
m104,11,2025-12-16,60,21,35.0,17,4,39,28.333333333333332,6.666666666666667,73.33333333333333,26.666666666666668,28.333333333333332,73.33333333333333,134,3.752310582569667,4.1024580001831055,17.1,80.95238095238095,True
m104,12,2025-12-17,60,15,25.0,7,8,45,11.666666666666666,13.333333333333334,68.33333333333333,31.666666666666668,11.666666666666666,68.33333333333333,100,4.068800656000773,4.2282609939575195,4.516666666666667,46.666666666666664,False
m90,1,2025-11-09,60,20,33.333333333333336,13,7,40,21.666666666666668,11.666666666666666,83.33333333333333,16.666666666666668,21.666666666666668,83.33333333333333,120,3.310110878944397,2.432898998260498,19.033333333333335,65.0,False
m90,2,2025-11-11,60,23,38.333333333333336,19,4,37,31.666666666666668,6.666666666666667,76.66666666666667,23.333333333333332,31.666666666666668,76.66666666666667,102,3.75043713528177,4.181869983673096,16.15,82.6086956521739,True
m90,3,2025-11-12,60,14,23.333333333333332,10,4,46,16.666666666666668,6.666666666666667,50.0,50.0,16.666666666666668,50.0,51,2.5594114576067244,2.1459195613861084,6.483333333333333,71.42857142857143,True
m90,4,2025-11-13,60,8,13.333333333333334,7,1,52,11.666666666666666,1.6666666666666667,43.333333333333336,56.666666666666664,11.666666666666666,43.333333333333336,33,5.312779575586319,5.531358957290649,5.266666666666667,87.5,True
m90,5,2025-11-16,60,13,21.666666666666668,11,2,47,18.333333333333332,3.3333333333333335,48.333333333333336,51.666666666666664,18.333333333333332,48.333333333333336,57,3.8533266140864444,4.650606155395508,8.083333333333334,84.61538461538461,True
m90,6,2025-11-18,60,23,38.333333333333336,22,1,37,36.666666666666664,1.6666666666666667,76.66666666666667,23.333333333333332,36.666666666666664,76.66666666666667,160,3.4305514874665635,3.204324960708618,25.05,95.65217391304348,True
m90,7,2025-11-19,60,30,50.0,27,3,30,45.0,5.0,88.33333333333333,11.666666666666666,45.0,88.33333333333333,179,3.0566311200459797,2.5634000301361084,26.166666666666668,90.0,True
m90,8,2025-11-23,60,22,36.666666666666664,16,6,38,26.666666666666668,10.0,63.333333333333336,36.666666666666664,26.666666666666668,63.333333333333336,83,4.166884010488337,4.075909495353699,11.483333333333333,72.72727272727273,True
m90,9,2025-11-26,61,20,32.78688524590164,16,4,41,26.229508196721312,6.557377049180328,52.459016393442624,47.540983606557376,26.229508196721312,52.459016393442624,61,4.069621148862336,5.289772033691406,9.639344262295081,80.0,True
m90,10,2025-12-02,60,27,45.0,26,1,33,43.333333333333336,1.6666666666666667,86.66666666666667,13.333333333333334,43.333333333333336,86.66666666666667,147,2.7470881144205728,1.5449879169464111,20.716666666666665,96.29629629629629,True
m90,11,2025-12-07,60,13,21.666666666666668,7,6,47,11.666666666666666,10.0,46.666666666666664,53.333333333333336,11.666666666666666,46.666666666666664,39,4.048478713402381,4.5831298828125,3.6333333333333333,53.84615384615385,False
m90,12,2025-12-09,60,15,25.0,11,4,45,18.333333333333332,6.666666666666667,61.666666666666664,38.333333333333336,18.333333333333332,61.666666666666664,61,3.479996188481649,3.6675429344177246,7.816666666666666,73.33333333333333,True
m90,13,2025-12-16,60,18,30.0,15,3,42,25.0,5.0,71.66666666666667,28.333333333333332,25.0,71.66666666666667,128,4.1911720107583434,3.987416982650757,40.6,83.33333333333333,True
m92,1,2025-11-09,60,10,16.666666666666668,9,1,50,15.0,1.6666666666666667,63.333333333333336,36.666666666666664,15.0,63.333333333333336,77,4.842822623252869,5.357423543930054,18.95,90.0,True
m92,2,2025-11-11,60,7,11.666666666666666,2,5,53,3.3333333333333335,8.333333333333334,33.333333333333336,66.66666666666667,3.3333333333333335,33.333333333333336,39,2.9215313366481235,3.433396816253662,3.3666666666666667,28.571428571428573,False
m92,3,2025-11-12,60,4,6.666666666666667,1,3,56,1.6666666666666667,5.0,28.333333333333332,71.66666666666667,1.6666666666666667,28.333333333333332,25,2.714179515838623,2.694935441017151,2.05,25.0,False
m92,4,2025-11-13,60,7,11.666666666666666,7,0,53,11.666666666666666,0.0,45.0,55.0,11.666666666666666,45.0,52,2.715759890420096,1.8433549404144287,6.75,100.0,False
m92,5,2025-11-16,60,1,1.6666666666666667,0,1,59,0.0,1.6666666666666667,11.666666666666666,88.33333333333333,0.0,11.666666666666666,12,1.3341479301452637,1.3341479301452637,0.5166666666666667,0.0,False
m92,6,2025-11-18,60,9,15.0,3,6,51,5.0,10.0,43.333333333333336,56.666666666666664,5.0,43.333333333333336,76,2.692271100150214,1.8324029445648193,4.966666666666667,33.333333333333336,False
m92,7,2025-11-19,62,13,20.967741935483872,8,5,49,12.903225806451612,8.064516129032258,53.225806451612904,46.774193548387096,12.903225806451612,53.225806451612904,77,3.375967721144358,3.013811945915222,9.403225806451612,61.53846153846154,False
m92,8,2025-11-24,60,20,33.333333333333336,9,11,40,15.0,18.333333333333332,55.0,45.0,15.0,55.0,85,3.6735187649726866,3.4856737852096558,14.716666666666667,45.0,False
m92,9,2025-12-02,60,16,26.666666666666668,9,7,44,15.0,11.666666666666666,68.33333333333333,31.666666666666668,15.0,68.33333333333333,165,4.1715148985385895,4.4644999504089355,18.4,56.25,False
m92,10,2025-12-07,60,15,25.0,11,4,45,18.333333333333332,6.666666666666667,48.333333333333336,51.666666666666664,18.333333333333332,48.333333333333336,49,4.634439055124918,4.754756927490234,9.05,73.33333333333333,True
m92,11,2025-12-09,60,4,6.666666666666667,3,1,56,5.0,1.6666666666666667,30.0,70.0,5.0,30.0,23,3.0425904989242554,2.2099074125289917,2.35,75.0,False
m92,12,2025-12-17,60,14,23.333333333333332,12,2,46,20.0,3.3333333333333335,48.333333333333336,51.666666666666664,20.0,48.333333333333336,57,3.955486910683768,3.4741339683532715,14.35,85.71428571428571,True
m93,1,2025-11-10,59,26,44.067796610169495,20,6,33,33.898305084745765,10.169491525423728,74.57627118644068,25.423728813559322,33.898305084745765,74.57627118644068,114,4.126317574427678,4.384592413902283,17.10169491525424,76.92307692307692,True
m93,2,2025-11-11,60,14,23.333333333333332,13,1,46,21.666666666666668,1.6666666666666667,58.333333333333336,41.666666666666664,21.666666666666668,58.333333333333336,65,3.1819596801485335,2.786979556083679,11.7,92.85714285714286,True
m93,3,2025-11-12,60,8,13.333333333333334,8,0,52,13.333333333333334,0.0,53.333333333333336,46.666666666666664,13.333333333333334,53.333333333333336,47,4.0177061855793,4.1978983879089355,7.166666666666667,100.0,True
m93,4,2025-11-13,60,5,8.333333333333334,5,0,55,8.333333333333334,0.0,41.666666666666664,58.333333333333336,8.333333333333334,41.666666666666664,30,4.493728971481323,4.761475086212158,5.35,100.0,False
m93,5,2025-11-17,60,18,30.0,17,1,42,28.333333333333332,1.6666666666666667,75.0,25.0,28.333333333333332,75.0,121,3.2420928478240967,2.9522024393081665,20.033333333333335,94.44444444444444,True
m93,6,2025-11-18,60,13,21.666666666666668,13,0,47,21.666666666666668,0.0,66.66666666666667,33.333333333333336,21.666666666666668,66.66666666666667,64,4.876370485012348,4.958543062210083,11.133333333333333,100.0,True
m93,7,2025-11-19,65,15,23.076923076923077,15,0,50,23.076923076923077,0.0,43.07692307692308,56.92307692307692,23.076923076923077,43.07692307692308,38,3.5370980580647786,3.526754140853882,7.292307692307692,100.0,True
m93,8,2025-11-24,60,12,20.0,11,1,48,18.333333333333332,1.6666666666666667,70.0,30.0,18.333333333333332,70.0,72,4.328101436297099,4.5506556034088135,12.066666666666666,91.66666666666667,True
m93,9,2025-12-01,63,12,19.047619047619047,11,1,51,17.46031746031746,1.5873015873015872,65.07936507936508,34.92063492063492,17.46031746031746,65.07936507936508,78,4.119997680187225,4.015897035598755,11.285714285714286,91.66666666666667,True
m93,10,2025-12-03,60,9,15.0,9,0,51,15.0,0.0,68.33333333333333,31.666666666666668,15.0,68.33333333333333,69,2.16306209564209,1.4013311862945557,10.1,100.0,True
m93,11,2025-12-07,60,10,16.666666666666668,9,1,50,15.0,1.6666666666666667,51.666666666666664,48.333333333333336,15.0,51.666666666666664,50,4.528773188591003,4.79585599899292,6.416666666666667,90.0,True
m93,12,2025-12-10,60,8,13.333333333333334,6,2,52,10.0,3.3333333333333335,38.333333333333336,61.666666666666664,10.0,38.333333333333336,31,4.670550495386124,6.507789969444275,4.033333333333333,75.0,True
m97,1,2025-11-10,60,15,25.0,12,3,45,20.0,5.0,63.333333333333336,36.666666666666664,20.0,63.333333333333336,76,4.425491174062093,5.216817855834961,10.416666666666666,80.0,True
m97,2,2025-11-11,60,25,41.666666666666664,22,3,35,36.666666666666664,5.0,86.66666666666667,13.333333333333334,36.666666666666664,86.66666666666667,142,2.991967029571533,2.958664894104004,22.1,88.0,True
m97,3,2025-11-12,60,26,43.333333333333336,25,1,34,41.666666666666664,1.6666666666666667,78.33333333333333,21.666666666666668,41.666666666666664,78.33333333333333,143,3.657700877923232,3.6649736166000366,22.016666666666666,96.15384615384616,True
m97,4,2025-11-13,60,27,45.0,22,5,33,36.666666666666664,8.333333333333334,78.33333333333333,21.666666666666668,36.666666666666664,78.33333333333333,137,2.2484452357658973,1.8064814805984497,22.316666666666666,81.48148148148148,True
m97,5,2025-11-17,60,25,41.666666666666664,25,0,35,41.666666666666664,0.0,78.33333333333333,21.666666666666668,41.666666666666664,78.33333333333333,191,2.5875728511810303,1.4024720191955566,25.55,100.0,True
m97,6,2025-11-18,60,32,53.333333333333336,32,0,28,53.333333333333336,0.0,81.66666666666667,18.333333333333332,53.333333333333336,81.66666666666667,202,2.450692222964379,1.5857889652252197,23.9,100.0,True
m97,7,2025-11-20,60,28,46.666666666666664,28,0,32,46.666666666666664,0.0,76.66666666666667,23.333333333333332,46.666666666666664,76.66666666666667,158,2.453644905771528,0.7118380069732666,17.166666666666668,100.0,True
m97,8,2025-11-24,60,36,60.0,33,3,24,55.0,5.0,88.33333333333333,11.666666666666666,55.0,88.33333333333333,197,2.9123679068353443,2.7053275108337402,24.733333333333334,91.66666666666667,True
m98,1,2025-11-10,61,11,18.0327868852459,6,5,50,9.836065573770492,8.19672131147541,50.81967213114754,49.18032786885246,9.836065573770492,50.81967213114754,78,2.5781193429773506,1.991391897201538,11.59016393442623,54.54545454545455,False
m98,2,2025-11-11,61,5,8.19672131147541,4,1,56,6.557377049180328,1.639344262295082,54.09836065573771,45.90163934426229,6.557377049180328,54.09836065573771,77,3.961099863052368,3.6968040466308594,7.836065573770492,80.0,False
m98,3,2025-11-12,61,8,13.114754098360656,1,7,53,1.639344262295082,11.475409836065573,24.59016393442623,75.40983606557377,1.639344262295082,24.59016393442623,22,3.6697188317775726,2.6582223176956177,1.9344262295081966,12.5,False
m98,4,2025-11-13,61,3,4.918032786885246,3,0,58,4.918032786885246,0.0,42.622950819672134,57.377049180327866,4.918032786885246,42.622950819672134,54,5.626331965128581,5.5102698802948,6.737704918032787,100.0,False
m98,5,2025-11-17,61,9,14.754098360655737,8,1,52,13.114754098360656,1.639344262295082,26.229508196721312,73.77049180327869,13.114754098360656,26.229508196721312,27,3.784915076361762,4.0529139041900635,7.508196721311475,88.88888888888889,True
m98,6,2025-11-18,61,2,3.278688524590164,1,1,59,1.639344262295082,1.639344262295082,37.704918032786885,62.295081967213115,1.639344262295082,37.704918032786885,41,5.3514286279678345,5.3514286279678345,4.163934426229508,50.0,False
m98,7,2025-11-20,61,2,3.278688524590164,0,2,59,0.0,3.278688524590164,16.39344262295082,83.60655737704919,0.0,16.39344262295082,16,6.1805419921875,6.1805419921875,0.45901639344262296,0.0,False
m98,8,2025-11-24,61,9,14.754098360655737,5,4,52,8.19672131147541,6.557377049180328,32.78688524590164,67.21311475409836,8.19672131147541,32.78688524590164,25,4.756894085142347,5.789546966552734,4.245901639344262,55.55555555555556,False
m98,9,2025-12-01,61,6,9.836065573770492,2,4,55,3.278688524590164,6.557377049180328,27.868852459016395,72.1311475409836,3.278688524590164,27.868852459016395,32,4.498605410257976,4.631737112998962,1.0327868852459017,33.333333333333336,False
m98,10,2025-12-03,61,3,4.918032786885246,2,1,58,3.278688524590164,1.639344262295082,29.508196721311474,70.49180327868852,3.278688524590164,29.508196721311474,36,1.6900580724080403,1.911203145980835,3.6721311475409837,66.66666666666667,False
m98,11,2025-12-08,61,9,14.754098360655737,6,3,52,9.836065573770492,4.918032786885246,31.147540983606557,68.85245901639344,9.836065573770492,31.147540983606557,36,4.65352988243103,4.790410041809082,6.278688524590164,66.66666666666667,False
m98,12,2025-12-15,61,13,21.311475409836067,13,0,48,21.311475409836067,0.0,52.459016393442624,47.540983606557376,21.311475409836067,52.459016393442624,51,2.4768970012664795,2.4199588298797607,11.40983606557377,100.0,True
