task,mouse,session,n_trials,n_punished,pct_punished,total_false_alarms,false_alarms_per_trial
AppetitveTaskReal,m90,1,60,50,83.33333333333333,120,2.0
AppetitveTaskReal,m90,2,60,46,76.66666666666667,102,1.7
AppetitveTaskReal,m90,3,60,30,50.0,51,0.85
AppetitveTaskReal,m90,4,60,26,43.333333333333336,33,0.55
AppetitveTaskReal,m90,5,60,29,48.333333333333336,57,0.95
AppetitveTaskReal,m90,6,60,46,76.66666666666667,160,2.6666666666666665
AppetitveTaskReal,m90,7,60,53,88.33333333333333,179,2.9833333333333334
AppetitveTaskReal,m90,8,60,38,63.333333333333336,83,1.3833333333333333
AppetitveTaskReal,m90,9,60,32,53.333333333333336,61,1.0166666666666666
AppetitveTaskReal,m90,10,60,52,86.66666666666667,147,2.45
AppetitveTaskReal,m90,11,60,28,46.666666666666664,39,0.65
AppetitveTaskReal,m90,12,60,37,61.666666666666664,61,1.0166666666666666
AppetitveTaskReal,m90,13,60,43,71.66666666666667,128,2.1333333333333333
AppetitveTaskReal,m92,1,60,38,63.333333333333336,77,1.2833333333333334
AppetitveTaskReal,m92,2,60,20,33.333333333333336,39,0.65
AppetitveTaskReal,m92,3,60,17,28.333333333333332,25,0.4166666666666667
AppetitveTaskReal,m92,4,60,27,45.0,52,0.8666666666666667
AppetitveTaskReal,m92,5,60,7,11.666666666666666,12,0.2
AppetitveTaskReal,m92,6,60,26,43.333333333333336,76,1.2666666666666666
AppetitveTaskReal,m92,7,60,33,55.0,85,1.4166666666666667
AppetitveTaskReal,m92,8,60,41,68.33333333333333,165,2.75
AppetitveTaskReal,m92,9,60,29,48.333333333333336,49,0.8166666666666667
AppetitveTaskReal,m92,10,60,18,30.0,23,0.38333333333333336
AppetitveTaskReal,m92,11,60,29,48.333333333333336,57,0.95
AppetitveTaskReal,m93,1,59,44,74.57627118644068,114,1.9322033898305084
AppetitveTaskReal,m93,2,60,35,58.333333333333336,65,1.0833333333333333
AppetitveTaskReal,m93,3,60,32,53.333333333333336,47,0.7833333333333333
AppetitveTaskReal,m93,4,60,25,41.666666666666664,30,0.5
AppetitveTaskReal,m93,5,60,45,75.0,121,2.0166666666666666
AppetitveTaskReal,m93,6,60,40,66.66666666666667,64,1.0666666666666667
AppetitveTaskReal,m93,7,65,28,43.07692307692308,38,0.5846153846153846
AppetitveTaskReal,m93,8,60,42,70.0,72,1.2
AppetitveTaskReal,m93,9,63,41,65.07936507936508,78,1.2380952380952381
AppetitveTaskReal,m93,10,60,41,68.33333333333333,69,1.15
AppetitveTaskReal,m93,11,60,31,51.666666666666664,50,0.8333333333333334
AppetitveTaskReal,m93,12,60,23,38.333333333333336,31,0.5166666666666667
AppetitveTaskReal,m97,1,60,38,63.333333333333336,76,1.2666666666666666
AppetitveTaskReal,m97,2,60,52,86.66666666666667,142,2.3666666666666667
AppetitveTaskReal,m97,3,60,47,78.33333333333333,143,2.3833333333333333
AppetitveTaskReal,m97,4,60,47,78.33333333333333,137,2.283333333333333
AppetitveTaskReal,m97,5,60,47,78.33333333333333,191,3.183333333333333
AppetitveTaskReal,m97,6,60,49,81.66666666666667,202,3.3666666666666667
AppetitveTaskReal,m97,7,60,46,76.66666666666667,158,2.6333333333333333
AppetitveTaskReal,m97,8,60,53,88.33333333333333,197,3.283333333333333
AppetitveTaskReal,m98,1,61,31,50.81967213114754,78,1.278688524590164
AppetitveTaskReal,m98,2,61,33,54.09836065573771,77,1.2622950819672132
AppetitveTaskReal,m98,3,61,15,24.59016393442623,22,0.36065573770491804
AppetitveTaskReal,m98,4,61,26,42.622950819672134,54,0.8852459016393442
AppetitveTaskReal,m98,5,61,16,26.229508196721312,27,0.4426229508196721
AppetitveTaskReal,m98,6,61,23,37.704918032786885,41,0.6721311475409836
AppetitveTaskReal,m98,7,61,10,16.39344262295082,16,0.26229508196721313
AppetitveTaskReal,m98,8,61,20,32.78688524590164,25,0.4098360655737705
AppetitveTaskReal,m98,9,61,17,27.868852459016395,32,0.5245901639344263
AppetitveTaskReal,m98,10,61,18,29.508196721311474,36,0.5901639344262295
AppetitveTaskReal,m98,11,61,19,31.147540983606557,36,0.5901639344262295
AppetitveTaskReal,m98,12,61,32,52.459016393442624,51,0.8360655737704918
AppetitveTaskReal,m100,1,61,38,62.295081967213115,156,2.557377049180328
AppetitveTaskReal,m100,2,62,36,58.064516129032256,99,1.596774193548387
AppetitveTaskReal,m100,3,61,32,52.459016393442624,87,1.4262295081967213
AppetitveTaskReal,m100,4,61,52,85.24590163934427,252,4.131147540983607
AppetitveTaskReal,m101,1,60,45,75.0,108,1.8
AppetitveTaskReal,m101,2,61,30,49.18032786885246,65,1.0655737704918034
AppetitveTaskReal,m101,3,61,24,39.34426229508197,42,0.6885245901639344
AppetitveTaskReal,m101,4,61,28,45.90163934426229,81,1.3278688524590163
AppetitveTaskReal,m101,5,61,23,37.704918032786885,47,0.7704918032786885
AppetitveTaskReal,m101,6,61,16,26.229508196721312,27,0.4426229508196721
AppetitveTaskReal,m101,7,61,19,31.147540983606557,42,0.6885245901639344
AppetitveTaskReal,m101,8,61,22,36.0655737704918,56,0.9180327868852459
AppetitveTaskReal,m101,9,61,24,39.34426229508197,64,1.0491803278688525
AppetitveTaskReal,m101,10,61,31,50.81967213114754,61,1.0
AppetitveTaskReal,m101,11,60,27,45.0,61,1.0166666666666666
AppetitveTaskReal,m101,12,61,40,65.57377049180327,146,2.3934426229508197
AppetitveTaskReal,m102,1,61,50,81.9672131147541,269,4.409836065573771
AppetitveTaskReal,m102,2,61,49,80.32786885245902,248,4.065573770491803
AppetitveTaskReal,m102,3,61,37,60.65573770491803,168,2.7540983606557377
AppetitveTaskReal,m102,4,61,42,68.85245901639344,219,3.5901639344262297
AppetitveTaskReal,m102,5,61,34,55.73770491803279,129,2.1147540983606556
AppetitveTaskReal,m102,6,61,44,72.1311475409836,164,2.6885245901639343
AppetitveTaskReal,m102,7,61,38,62.295081967213115,141,2.3114754098360657
AppetitveTaskReal,m102,8,61,33,54.09836065573771,108,1.7704918032786885
AppetitveTaskReal,m102,9,61,48,78.68852459016394,323,5.295081967213115
AppetitveTaskReal,m102,10,61,40,65.57377049180327,221,3.622950819672131
AppetitveTaskReal,m102,11,61,49,80.32786885245902,373,6.114754098360656
AppetitveTaskReal,m103,1,61,36,59.01639344262295,118,1.9344262295081966
AppetitveTaskReal,m103,2,61,39,63.9344262295082,119,1.9508196721311475
AppetitveTaskReal,m103,3,61,47,77.04918032786885,129,2.1147540983606556
AppetitveTaskReal,m103,4,61,43,70.49180327868852,112,1.8360655737704918
AppetitveTaskReal,m103,5,61,40,65.57377049180327,104,1.7049180327868851
AppetitveTaskReal,m103,6,61,30,49.18032786885246,61,1.0
AppetitveTaskReal,m103,7,61,37,60.65573770491803,85,1.3934426229508197
AppetitveTaskReal,m103,8,61,33,54.09836065573771,74,1.2131147540983607
AppetitveTaskReal,m103,9,61,25,40.98360655737705,55,0.9016393442622951
AppetitveTaskReal,m103,10,61,28,45.90163934426229,57,0.9344262295081968
AppetitveTaskReal,m103,11,61,22,36.0655737704918,42,0.6885245901639344
AppetitveTaskReal,m103,12,61,48,78.68852459016394,175,2.8688524590163933
AppetitveTaskReal,m104,1,60,14,23.333333333333332,46,0.7666666666666667
AppetitveTaskReal,m104,2,60,37,61.666666666666664,127,2.1166666666666667
AppetitveTaskReal,m104,3,60,40,66.66666666666667,107,1.7833333333333334
AppetitveTaskReal,m104,4,60,31,51.666666666666664,136,2.2666666666666666
AppetitveTaskReal,m104,5,60,32,53.333333333333336,85,1.4166666666666667
AppetitveTaskReal,m104,6,60,33,55.0,92,1.5333333333333334
AppetitveTaskReal,m104,7,60,32,53.333333333333336,93,1.55
AppetitveTaskReal,m104,8,60,36,60.0,100,1.6666666666666667
AppetitveTaskReal,m104,9,60,38,63.333333333333336,100,1.6666666666666667
AppetitveTaskReal,m104,10,60,37,61.666666666666664,90,1.5
AppetitveTaskReal,m104,11,60,44,73.33333333333333,134,2.2333333333333334
AppetitveTaskReal,m104,12,60,41,68.33333333333333,100,1.6666666666666667
