mouse,task,session_number,n_trials,date,valid
m90,Appetitive,1,60,2025-11-09,yes
m90,Appetitive,2,60,2025-11-11,yes
m90,Appetitive,3,60,2025-11-12,yes
m90,Appetitive,4,60,2025-11-13,yes
m90,Appetitive,5,60,2025-11-16,yes
m90,Appetitive,6,60,2025-11-18,yes
m90,Appetitive,7,60,2025-11-19,yes
m90,Appetitive,8,60,2025-11-23,yes
m90,Appetitive,9,61,2025-11-26,yes
m90,Appetitive,10,60,2025-12-02,yes
m90,Appetitive,11,60,2025-12-07,yes
m90,Appetitive,12,60,2025-12-09,yes
m90,Appetitive,13,60,2025-12-16,yes
m90,Generalization,1,61,2025-12-28,yes
m90,Generalization,2,60,2025-12-29,yes
m90,Generalization,3,61,2026-01-01,yes
m90,Generalization,4,61,2026-01-04,yes
m90,Extinction,1,61,2026-01-11,yes
m90,Extinction,2,61,2026-01-12,yes
m92,Appetitive,1,60,2025-11-09,yes
m92,Appetitive,2,60,2025-11-11,yes
m92,Appetitive,3,60,2025-11-12,yes
m92,Appetitive,4,60,2025-11-13,yes
m92,Appetitive,5,60,2025-11-16,yes
m92,Appetitive,6,60,2025-11-18,yes
m92,Appetitive,7,62,2025-11-19,yes
m92,Appetitive,8,60,2025-11-24,yes
m92,Appetitive,9,46,2025-11-26,no
m92,Appetitive,10,60,2025-12-02,yes
m92,Appetitive,11,60,2025-12-07,yes
m92,Appetitive,12,60,2025-12-09,yes
m92,Appetitive,13,60,2025-12-17,yes
m92,Generalization,1,61,2025-12-28,yes
m92,Generalization,2,60,2025-12-29,yes
m92,Generalization,3,61,2026-01-01,yes
m92,Generalization,4,61,2026-01-04,yes
m92,Extinction,1,61,2026-01-11,yes
m92,Extinction,2,61,2026-01-12,yes
m93,Appetitive,1,59,2025-11-10,yes
m93,Appetitive,2,60,2025-11-11,yes
m93,Appetitive,3,60,2025-11-12,yes
m93,Appetitive,4,60,2025-11-13,yes
m93,Appetitive,5,60,2025-11-17,yes
m93,Appetitive,6,60,2025-11-18,yes
m93,Appetitive,7,65,2025-11-19,yes
m93,Appetitive,8,60,2025-11-24,yes
m93,Appetitive,9,63,2025-12-01,yes
m93,Appetitive,10,60,2025-12-03,yes
m93,Appetitive,11,60,2025-12-07,yes
m93,Appetitive,12,60,2025-12-10,yes
m93,Generalization,1,61,2025-12-28,yes
m93,Generalization,2,60,2025-12-30,yes
m93,Generalization,3,61,2026-01-01,yes
m93,Generalization,4,61,2026-01-04,yes
m93,Extinction,1,61,2026-01-11,yes
m93,Extinction,2,61,2026-01-12,yes
m97,Appetitive,1,60,2025-11-10,yes
m97,Appetitive,2,60,2025-11-11,yes
m97,Appetitive,3,60,2025-11-12,yes
m97,Appetitive,4,60,2025-11-13,yes
m97,Appetitive,5,60,2025-11-17,yes
m97,Appetitive,6,60,2025-11-18,yes
m97,Appetitive,7,60,2025-11-20,yes
m97,Appetitive,8,60,2025-11-24,yes
m97,Generalization,1,61,2025-12-29,yes
m97,Generalization,2,60,2025-12-31,yes
m97,Generalization,3,61,2026-01-04,yes
m97,Generalization,4,61,2026-01-05,yes
m97,Extinction,1,61,2026-01-11,yes
m97,Extinction,2,61,2026-01-12,yes
m98,Appetitive,1,61,2025-11-10,yes
m98,Appetitive,2,61,2025-11-11,yes
m98,Appetitive,3,61,2025-11-12,yes
m98,Appetitive,4,61,2025-11-13,yes
m98,Appetitive,5,61,2025-11-17,yes
m98,Appetitive,6,61,2025-11-18,yes
m98,Appetitive,7,61,2025-11-20,yes
m98,Appetitive,8,61,2025-11-24,yes
m98,Appetitive,9,61,2025-12-01,yes
m98,Appetitive,10,61,2025-12-03,yes
m98,Appetitive,11,61,2025-12-08,yes
m98,Appetitive,12,61,2025-12-15,yes
m98,Generalization,1,61,2025-12-29,yes
m98,Generalization,2,30,2025-12-31,no
m98,Generalization,3,61,2026-01-04,yes
m98,Generalization,4,61,2026-01-05,yes
m98,Generalization,5,60,2026-01-06,yes
m98,Extinction,1,65,2026-01-13,yes
m98,Extinction,2,0,2026-01-14,no
m100,Appetitive,1,61,2025-11-10,yes
m100,Appetitive,2,61,2025-11-11,yes
m100,Appetitive,3,61,2025-11-12,yes
m100,Appetitive,4,61,2025-11-13,yes
m100,Appetitive,5,61,2025-11-17,yes
m100,Appetitive,6,61,2025-11-19,yes
m100,Appetitive,7,62,2025-11-23,yes
m100,Appetitive,8,61,2025-11-25,yes
m100,Appetitive,9,61,2025-12-01,yes
m100,Appetitive,10,61,2025-12-03,yes
m100,Appetitive,11,61,2025-12-08,yes
m100,Appetitive,12,4,2025-12-10,no
m100,Appetitive,13,61,2025-12-15,yes
m100,Generalization,1,61,2025-12-28,yes
m100,Generalization,2,60,2025-12-30,yes
m100,Generalization,3,61,2026-01-01,yes
m100,Generalization,4,61,2026-01-05,yes
m100,Extinction,1,61,2026-01-11,yes
m100,Extinction,2,61,2026-01-12,yes
m101,Appetitive,1,60,2025-11-10,yes
m101,Appetitive,2,61,2025-11-12,yes
m101,Appetitive,3,61,2025-11-13,yes
m101,Appetitive,4,61,2025-11-16,yes
m101,Appetitive,5,61,2025-11-18,yes
m101,Appetitive,6,61,2025-11-19,yes
m101,Appetitive,7,62,2025-11-23,yes
m101,Appetitive,8,61,2025-11-25,yes
m101,Appetitive,9,61,2025-12-02,yes
m101,Appetitive,10,61,2025-12-03,yes
m101,Appetitive,11,60,2025-12-08,yes
m101,Appetitive,12,61,2025-12-15,yes
m101,Generalization,1,61,2025-12-28,yes
m101,Generalization,2,60,2025-12-30,yes
m101,Generalization,3,61,2026-01-01,yes
m101,Generalization,4,61,2026-01-05,yes
m101,Extinction,1,61,2026-01-12,yes
m101,Extinction,2,61,2026-01-13,yes
m102,Appetitive,1,61,2025-11-10,yes
m102,Appetitive,2,42,2025-11-11,no
m102,Appetitive,3,61,2025-11-12,yes
m102,Appetitive,4,61,2025-11-13,yes
m102,Appetitive,5,61,2025-11-17,yes
m102,Appetitive,6,61,2025-11-19,yes
m102,Appetitive,7,61,2025-11-23,yes
m102,Appetitive,8,61,2025-11-25,yes
m102,Appetitive,9,61,2025-12-02,yes
m102,Appetitive,10,61,2025-12-03,yes
m102,Appetitive,11,61,2025-12-08,yes
m102,Appetitive,12,35,2025-12-16,no
m102,Appetitive,13,61,2025-12-17,yes
m102,Generalization,1,61,2025-12-28,yes
m102,Generalization,2,60,2025-12-30,yes
m102,Generalization,3,61,2026-01-01,yes
m102,Generalization,4,61,2026-01-05,yes
m102,Extinction,1,61,2026-01-11,yes
m102,Extinction,2,61,2026-01-13,yes
m103,Appetitive,1,61,2025-11-10,yes
m103,Appetitive,2,61,2025-11-12,yes
m103,Appetitive,3,61,2025-11-13,yes
m103,Appetitive,4,61,2025-11-16,yes
m103,Appetitive,5,61,2025-11-18,yes
m103,Appetitive,6,61,2025-11-19,yes
m103,Appetitive,7,61,2025-11-23,yes
m103,Appetitive,8,61,2025-11-25,yes
m103,Appetitive,9,61,2025-12-02,yes
m103,Appetitive,10,61,2025-12-07,yes
m103,Appetitive,11,61,2025-12-09,yes
m103,Appetitive,12,61,2025-12-16,yes
m103,Generalization,1,61,2025-12-29,yes
m103,Generalization,2,61,2025-12-31,yes
m103,Generalization,3,61,2026-01-04,yes
m103,Generalization,4,62,2026-01-05,yes
m103,Extinction,1,61,2026-01-12,yes
m103,Extinction,2,68,2026-01-13,yes
m104,Appetitive,1,60,2025-11-09,yes
m104,Appetitive,2,60,2025-11-10,yes
m104,Appetitive,3,60,2025-11-16,yes
m104,Appetitive,4,60,2025-11-18,yes
m104,Appetitive,5,60,2025-11-19,yes
m104,Appetitive,6,60,2025-11-23,yes
m104,Appetitive,7,60,2025-11-25,yes
m104,Appetitive,8,60,2025-12-02,yes
m104,Appetitive,9,60,2025-12-07,yes
m104,Appetitive,10,60,2025-12-09,yes
m104,Appetitive,11,60,2025-12-16,yes
m104,Appetitive,12,60,2025-12-17,yes
m104,Generalization,1,61,2025-12-29,yes
m104,Generalization,2,61,2025-12-31,yes
m104,Generalization,3,61,2026-01-04,yes
m104,Generalization,4,61,2026-01-05,yes
m104,Extinction,1,61,2026-01-12,yes
m104,Extinction,2,61,2026-01-13,yes
