task,mouse,session,n_trials,n_engaged,n_rewarded,hit_rate,engagement_rate,accuracy_when_engaged,offcue_pokes,offcue_pokes_per_trial,cue_to_poke_latency_median,poke_to_lick_latency_median
AppetitveTaskReal,m90,1,60,20,13,21.667,33.333,65.0,124,2.067,2.433,0.314
AppetitveTaskReal,m90,2,60,23,19,31.667,38.333,82.609,111,1.85,4.182,0.295
AppetitveTaskReal,m90,3,60,14,10,16.667,23.333,71.429,52,0.867,2.146,0.222
AppetitveTaskReal,m90,4,60,8,7,11.667,13.333,87.5,34,0.567,5.531,0.243
AppetitveTaskReal,m90,5,60,13,11,18.333,21.667,84.615,59,0.983,4.651,0.249
AppetitveTaskReal,m90,6,60,23,22,36.667,38.333,95.652,170,2.833,3.204,0.181
AppetitveTaskReal,m90,7,60,30,27,45.0,50.0,90.0,201,3.35,2.563,0.186
AppetitveTaskReal,m90,8,60,22,16,26.667,36.667,72.727,85,1.417,4.076,0.189
AppetitveTaskReal,m90,9,60,19,15,25.0,31.667,78.947,62,1.033,5.29,0.185
AppetitveTaskReal,m90,10,60,27,26,43.333,45.0,96.296,152,2.533,1.545,0.163
AppetitveTaskReal,m90,11,60,13,7,11.667,21.667,53.846,39,0.65,4.583,0.306
AppetitveTaskReal,m90,12,60,15,11,18.333,25.0,73.333,63,1.05,3.668,0.342
AppetitveTaskReal,m90,13,60,16,15,25.0,26.667,87.5,140,2.333,3.899,0.186
AppetitveTaskReal,m92,1,60,10,9,15.0,16.667,90.0,83,1.383,5.357,0.365
AppetitveTaskReal,m92,2,60,7,2,3.333,11.667,28.571,41,0.683,3.433,0.335
AppetitveTaskReal,m92,3,60,4,1,1.667,6.667,25.0,25,0.417,2.695,0.936
AppetitveTaskReal,m92,4,60,7,7,11.667,11.667,100.0,54,0.9,1.843,0.688
AppetitveTaskReal,m92,5,60,1,0,0.0,1.667,0.0,12,0.2,1.334,7.094
AppetitveTaskReal,m92,6,60,9,3,5.0,15.0,33.333,77,1.283,1.832,0.932
AppetitveTaskReal,m92,7,60,20,9,15.0,33.333,45.0,85,1.417,3.486,0.719
AppetitveTaskReal,m92,8,60,16,9,15.0,26.667,56.25,173,2.883,4.464,0.404
AppetitveTaskReal,m92,9,60,15,11,18.333,25.0,73.333,49,0.817,4.755,0.37
AppetitveTaskReal,m92,10,60,4,3,5.0,6.667,75.0,24,0.4,2.21,1.681
AppetitveTaskReal,m92,11,60,14,12,20.0,23.333,85.714,58,0.967,3.474,0.42
AppetitveTaskReal,m93,1,59,26,20,33.898,44.068,76.923,125,2.119,4.385,0.282
AppetitveTaskReal,m93,2,60,14,13,21.667,23.333,92.857,69,1.15,2.787,0.237
AppetitveTaskReal,m93,3,60,8,8,13.333,13.333,100.0,50,0.833,4.198,0.22
AppetitveTaskReal,m93,4,60,5,5,8.333,8.333,100.0,30,0.5,4.761,0.212
AppetitveTaskReal,m93,5,60,18,17,28.333,30.0,94.444,134,2.233,2.952,0.202
AppetitveTaskReal,m93,6,60,13,13,21.667,21.667,100.0,65,1.083,4.959,0.211
AppetitveTaskReal,m93,7,65,15,15,23.077,23.077,100.0,40,0.615,3.527,0.204
AppetitveTaskReal,m93,8,60,12,11,18.333,20.0,91.667,76,1.267,4.551,0.223
AppetitveTaskReal,m93,9,63,12,11,17.46,19.048,91.667,79,1.254,4.016,0.212
AppetitveTaskReal,m93,10,60,9,9,15.0,15.0,100.0,69,1.15,1.401,0.273
AppetitveTaskReal,m93,11,60,10,9,15.0,16.667,90.0,50,0.833,4.796,0.303
AppetitveTaskReal,m93,12,60,8,6,10.0,13.333,75.0,32,0.533,6.508,0.38
AppetitveTaskReal,m97,1,60,15,12,20.0,25.0,80.0,79,1.317,5.217,0.406
AppetitveTaskReal,m97,2,60,25,22,36.667,41.667,88.0,144,2.4,2.959,0.312
AppetitveTaskReal,m97,3,60,26,25,41.667,43.333,96.154,147,2.45,3.665,0.216
AppetitveTaskReal,m97,4,60,26,22,36.667,43.333,80.769,140,2.333,1.806,0.204
AppetitveTaskReal,m97,5,60,25,25,41.667,41.667,100.0,196,3.267,1.402,0.208
AppetitveTaskReal,m97,6,60,31,32,53.333,51.667,100.0,209,3.483,1.586,0.175
AppetitveTaskReal,m97,7,60,28,28,46.667,46.667,100.0,164,2.733,0.712,0.194
AppetitveTaskReal,m97,8,60,36,33,55.0,60.0,91.667,206,3.433,2.705,0.174
AppetitveTaskReal,m98,1,61,11,6,9.836,18.033,54.545,82,1.344,1.991,0.373
AppetitveTaskReal,m98,2,61,5,4,6.557,8.197,80.0,81,1.328,3.697,0.357
AppetitveTaskReal,m98,3,61,8,1,1.639,13.115,12.5,22,0.361,2.658,2.348
AppetitveTaskReal,m98,4,61,3,3,4.918,4.918,100.0,54,0.885,5.51,0.28
AppetitveTaskReal,m98,5,61,9,8,13.115,14.754,88.889,29,0.475,4.053,0.356
AppetitveTaskReal,m98,6,61,2,1,1.639,3.279,50.0,41,0.672,5.351,11.277
AppetitveTaskReal,m98,7,61,2,0,0.0,3.279,0.0,16,0.262,6.181,NaN
AppetitveTaskReal,m98,8,61,9,5,8.197,14.754,55.556,26,0.426,5.79,0.422
AppetitveTaskReal,m98,9,61,6,2,3.279,9.836,33.333,33,0.541,4.632,2.402
AppetitveTaskReal,m98,10,61,3,2,3.279,4.918,66.667,36,0.59,1.911,1.682
AppetitveTaskReal,m98,11,61,9,6,9.836,14.754,66.667,39,0.639,4.79,0.422
AppetitveTaskReal,m98,12,61,13,13,21.311,21.311,100.0,51,0.836,2.42,0.516
AppetitveTaskReal,m100,1,61,15,7,11.475,24.59,40.0,162,2.656,3.691,0.295
AppetitveTaskReal,m100,2,62,16,17,27.419,25.806,100.0,102,1.645,3.569,0.268
AppetitveTaskReal,m100,3,61,18,14,22.951,29.508,77.778,92,1.508,3.241,0.271
AppetitveTaskReal,m100,4,61,30,17,27.869,49.18,56.667,282,4.623,2.404,0.18
AppetitveTaskReal,m101,1,60,14,3,5.0,23.333,21.429,108,1.8,2.465,6.563
AppetitveTaskReal,m101,2,61,16,1,1.639,26.23,6.25,66,1.082,2.482,13.528
AppetitveTaskReal,m101,3,61,10,0,0.0,16.393,0.0,41,0.672,2.982,5.659
AppetitveTaskReal,m101,4,61,9,2,3.279,14.754,22.222,81,1.328,1.657,11.867
AppetitveTaskReal,m101,5,61,9,7,11.475,14.754,77.778,47,0.77,5.153,2.418
AppetitveTaskReal,m101,6,61,8,5,8.197,13.115,62.5,28,0.459,7.09,0.509
AppetitveTaskReal,m101,7,61,5,4,6.557,8.197,80.0,42,0.689,2.425,0.774
AppetitveTaskReal,m101,8,61,9,4,6.557,14.754,44.444,56,0.918,5.296,2.968
AppetitveTaskReal,m101,9,61,13,8,13.115,21.311,61.538,68,1.115,4.157,0.608
AppetitveTaskReal,m101,10,61,9,4,6.557,14.754,44.444,62,1.016,2.555,0.8
AppetitveTaskReal,m101,11,60,6,2,3.333,10.0,33.333,60,1.0,1.774,1.637
AppetitveTaskReal,m101,12,61,20,18,29.508,32.787,90.0,151,2.475,3.868,0.304
AppetitveTaskReal,m102,1,61,24,21,34.426,39.344,87.5,278,4.557,2.981,0.28
AppetitveTaskReal,m102,2,61,25,24,39.344,40.984,96.0,268,4.393,2.121,0.188
AppetitveTaskReal,m102,3,61,13,13,21.311,21.311,100.0,171,2.803,2.249,0.239
AppetitveTaskReal,m102,4,61,20,20,32.787,32.787,100.0,222,3.639,2.237,0.189
AppetitveTaskReal,m102,5,61,20,20,32.787,32.787,100.0,146,2.393,2.283,0.196
AppetitveTaskReal,m102,6,61,25,22,36.066,40.984,88.0,172,2.82,2.674,0.222
AppetitveTaskReal,m102,7,61,26,25,40.984,42.623,96.154,147,2.41,2.154,0.267
AppetitveTaskReal,m102,8,61,18,14,22.951,29.508,77.778,114,1.869,3.291,0.2
AppetitveTaskReal,m102,9,61,35,31,50.82,57.377,88.571,342,5.607,1.562,0.186
AppetitveTaskReal,m102,10,61,23,19,31.148,37.705,82.609,229,3.754,1.144,0.193
AppetitveTaskReal,m102,11,61,32,20,32.787,52.459,62.5,389,6.377,1.449,0.221
AppetitveTaskReal,m103,1,61,16,11,18.033,26.23,68.75,126,2.066,2.878,0.622
AppetitveTaskReal,m103,2,61,16,13,21.311,26.23,81.25,123,2.016,2.426,1.622
AppetitveTaskReal,m103,3,61,16,14,22.951,26.23,87.5,133,2.18,2.658,0.276
AppetitveTaskReal,m103,4,61,18,12,19.672,29.508,66.667,115,1.885,4.96,0.324
AppetitveTaskReal,m103,5,61,21,19,31.148,34.426,90.476,107,1.754,2.855,0.187
AppetitveTaskReal,m103,6,61,10,9,14.754,16.393,90.0,63,1.033,1.86,0.282
AppetitveTaskReal,m103,7,61,19,7,11.475,31.148,36.842,85,1.393,3.425,5.248
AppetitveTaskReal,m103,8,61,11,8,13.115,18.033,72.727,75,1.23,3.661,0.194
AppetitveTaskReal,m103,9,61,14,11,18.033,22.951,78.571,57,0.934,3.226,0.233
AppetitveTaskReal,m103,10,61,9,8,13.115,14.754,88.889,58,0.951,3.833,0.317
AppetitveTaskReal,m103,11,61,9,4,6.557,14.754,44.444,42,0.689,2.31,0.352
AppetitveTaskReal,m103,12,61,27,22,36.066,44.262,81.481,183,3.0,4.575,0.155
AppetitveTaskReal,m104,1,60,5,2,3.333,8.333,40.0,48,0.8,1.674,5.513
AppetitveTaskReal,m104,2,60,20,16,26.667,33.333,80.0,133,2.217,3.56,0.412
AppetitveTaskReal,m104,3,60,13,9,15.0,21.667,69.231,110,1.833,5.62,1.107
AppetitveTaskReal,m104,4,60,14,11,18.333,23.333,78.571,141,2.35,4.205,0.279
AppetitveTaskReal,m104,5,60,12,12,20.0,20.0,91.667,94,1.567,4.951,0.353
AppetitveTaskReal,m104,6,60,7,3,5.0,11.667,42.857,94,1.567,5.351,3.598
AppetitveTaskReal,m104,7,60,11,9,15.0,18.333,81.818,95,1.583,4.708,0.38
AppetitveTaskReal,m104,8,60,8,5,8.333,13.333,62.5,105,1.75,3.666,0.265
AppetitveTaskReal,m104,9,60,15,3,5.0,25.0,20.0,102,1.7,4.346,6.382
AppetitveTaskReal,m104,10,60,20,13,21.667,33.333,65.0,98,1.633,4.185,0.294
AppetitveTaskReal,m104,11,60,21,17,28.333,35.0,80.952,139,2.317,4.102,0.247
AppetitveTaskReal,m104,12,60,15,7,11.667,25.0,46.667,101,1.683,4.228,0.526
